ticker,market,date,open,high,low,close,adj_close,volume,trading_value,data_source
RKLB,US,2025-06-02,8.31,8.43,8.21,8.33,8.33,12500000,104125000,sample
RKLB,US,2025-06-03,8.32,8.44,8.22,8.34,8.34,12625000,105292500,sample
RKLB,US,2025-06-04,8.34,8.45,8.24,8.35,8.35,12750000,106462500,sample
RKLB,US,2025-06-05,8.36,8.46,8.26,8.36,8.36,12875000,107635000,sample
RKLB,US,2025-06-06,8.38,8.48,8.27,8.37,8.37,13000000,108810000,sample
RKLB,US,2025-06-09,8.35,8.48,8.25,8.38,8.38,13125000,109987500,sample
RKLB,US,2025-06-10,8.37,8.49,8.27,8.39,8.39,13250000,111167500,sample
RKLB,US,2025-06-11,8.39,8.50,8.29,8.40,8.40,13375000,112350000,sample
RKLB,US,2025-06-12,8.41,8.51,8.31,8.41,8.41,13500000,113535000,sample
RKLB,US,2025-06-13,8.43,8.53,8.32,8.42,8.42,13625000,114722500,sample
RKLB,US,2025-06-16,8.40,8.53,8.30,8.43,8.43,13750000,115912500,sample
RKLB,US,2025-06-17,8.41,8.53,8.31,8.43,8.43,12500000,105375000,sample
RKLB,US,2025-06-18,8.43,8.54,8.33,8.44,8.44,12625000,106555000,sample
RKLB,US,2025-06-19,8.45,8.55,8.35,8.45,8.45,12750000,107737500,sample
RKLB,US,2025-06-20,8.47,8.57,8.36,8.46,8.46,12875000,108922500,sample
RKLB,US,2025-06-23,8.44,8.57,8.34,8.47,8.47,13000000,110110000,sample
RKLB,US,2025-06-24,8.46,8.58,8.36,8.48,8.48,13125000,111300000,sample
RKLB,US,2025-06-25,8.34,8.45,8.24,8.35,8.35,13250000,110637500,sample
RKLB,US,2025-06-26,8.36,8.46,8.26,8.36,8.36,13375000,111815000,sample
RKLB,US,2025-06-27,8.38,8.48,8.27,8.37,8.37,13500000,112995000,sample
RKLB,US,2025-06-30,8.34,8.47,8.24,8.37,8.37,13625000,114041250,sample
RKLB,US,2025-07-01,8.36,8.48,8.26,8.38,8.38,13750000,115225000,sample
RKLB,US,2025-07-02,8.38,8.49,8.28,8.39,8.39,12500000,104875000,sample
RKLB,US,2025-07-03,8.40,8.50,8.30,8.40,8.40,12625000,106050000,sample
RKLB,US,2025-07-04,8.42,8.52,8.31,8.41,8.41,12750000,107227500,sample
RKLB,US,2025-07-07,8.39,8.52,8.29,8.42,8.42,12875000,108407500,sample
RKLB,US,2025-07-08,8.41,8.53,8.31,8.43,8.43,13000000,109590000,sample
RKLB,US,2025-07-09,8.43,8.54,8.33,8.44,8.44,13125000,110775000,sample
RKLB,US,2025-07-10,8.45,8.55,8.35,8.45,8.45,13250000,111962500,sample
RKLB,US,2025-07-11,8.47,8.57,8.36,8.46,8.46,13375000,113152500,sample
RKLB,US,2025-07-14,8.44,8.57,8.34,8.47,8.47,13500000,114345000,sample
RKLB,US,2025-07-15,8.46,8.58,8.36,8.48,8.48,13625000,115540000,sample
RKLB,US,2025-07-16,8.48,8.59,8.38,8.49,8.49,13750000,116737500,sample
RKLB,US,2025-07-17,8.49,8.59,8.39,8.49,8.49,12500000,106125000,sample
RKLB,US,2025-07-18,8.37,8.47,8.26,8.36,8.36,12625000,105545000,sample
RKLB,US,2025-07-21,8.34,8.47,8.24,8.37,8.37,12750000,106717500,sample
RKLB,US,2025-07-22,8.36,8.48,8.26,8.38,8.38,12875000,107892500,sample
RKLB,US,2025-07-23,8.38,8.49,8.28,8.39,8.39,13000000,109070000,sample
RKLB,US,2025-07-24,8.40,8.50,8.30,8.40,8.40,13125000,110250000,sample
RKLB,US,2025-07-25,8.42,8.52,8.31,8.41,8.41,13250000,111432500,sample
RKLB,US,2025-07-28,8.39,8.52,8.29,8.42,8.42,13375000,112617500,sample
RKLB,US,2025-07-29,8.41,8.53,8.31,8.43,8.43,13500000,113805000,sample
RKLB,US,2025-07-30,8.43,8.54,8.33,8.44,8.44,13625000,114995000,sample
RKLB,US,2025-07-31,8.44,8.54,8.34,8.44,8.44,13750000,116050000,sample
RKLB,US,2025-08-01,8.46,8.56,8.35,8.45,8.45,12500000,105625000,sample
RKLB,US,2025-08-04,8.43,8.56,8.33,8.46,8.46,12625000,106807500,sample
RKLB,US,2025-08-05,8.45,8.57,8.35,8.47,8.47,12750000,107992500,sample
RKLB,US,2025-08-06,8.47,8.58,8.37,8.48,8.48,12875000,109180000,sample
RKLB,US,2025-08-07,8.49,8.59,8.39,8.49,8.49,13000000,110370000,sample
RKLB,US,2025-08-08,8.51,8.61,8.40,8.50,8.50,13125000,111562500,sample
RKLB,US,2025-08-11,8.48,8.61,8.38,8.51,8.51,13250000,112757500,sample
RKLB,US,2025-08-12,8.36,8.48,8.26,8.38,8.38,13375000,112082500,sample
RKLB,US,2025-08-13,8.37,8.48,8.27,8.38,8.38,13500000,113130000,sample
RKLB,US,2025-08-14,8.39,8.49,8.29,8.39,8.39,13625000,114313750,sample
RKLB,US,2025-08-15,8.41,8.51,8.30,8.40,8.40,13750000,115500000,sample
RKLB,US,2025-08-18,8.38,8.51,8.28,8.41,8.41,12500000,105125000,sample
RKLB,US,2025-08-19,8.40,8.52,8.30,8.42,8.42,12625000,106302500,sample
RKLB,US,2025-08-20,8.42,8.53,8.32,8.43,8.43,12750000,107482500,sample
RKLB,US,2025-08-21,8.44,8.54,8.34,8.44,8.44,12875000,108665000,sample
RKLB,US,2025-08-22,8.46,8.56,8.35,8.45,8.45,13000000,109850000,sample
RKLB,US,2025-08-25,8.43,8.56,8.33,8.46,8.46,13125000,111037500,sample
RKLB,US,2025-08-26,8.45,8.57,8.35,8.47,8.47,13250000,112227500,sample
RKLB,US,2025-08-27,8.47,8.58,8.37,8.48,8.48,13375000,113420000,sample
RKLB,US,2025-08-28,8.49,8.59,8.39,8.49,8.49,13500000,114615000,sample
RKLB,US,2025-08-29,8.51,8.61,8.40,8.50,8.50,13625000,115812500,sample
RKLB,US,2025-09-01,8.48,8.61,8.38,8.51,8.51,13750000,117012500,sample
RKLB,US,2025-09-02,8.49,8.61,8.39,8.51,8.51,12500000,106375000,sample
RKLB,US,2025-09-03,8.51,8.62,8.41,8.52,8.52,12625000,107565000,sample
RKLB,US,2025-09-04,8.39,8.49,8.29,8.39,8.39,12750000,106972500,sample
RKLB,US,2025-09-05,8.41,8.51,8.30,8.40,8.40,12875000,108150000,sample
RKLB,US,2025-09-08,8.38,8.51,8.28,8.41,8.41,13000000,109330000,sample
RKLB,US,2025-09-09,8.40,8.52,8.30,8.42,8.42,13125000,110512500,sample
RKLB,US,2025-09-10,8.42,8.53,8.32,8.43,8.43,13250000,111697500,sample
RKLB,US,2025-09-11,8.44,8.54,8.34,8.44,8.44,13375000,112885000,sample
RKLB,US,2025-09-12,8.46,8.56,8.35,8.45,8.45,13500000,114075000,sample
RKLB,US,2025-09-15,8.42,8.55,8.32,8.45,8.45,13625000,115131250,sample
RKLB,US,2025-09-16,8.44,8.56,8.34,8.46,8.46,13750000,116325000,sample
RKLB,US,2025-09-17,8.46,8.57,8.36,8.47,8.47,12500000,105875000,sample
RKLB,US,2025-09-18,8.48,8.58,8.38,8.48,8.48,12625000,107060000,sample
RKLB,US,2025-09-19,8.50,8.60,8.39,8.49,8.49,12750000,108247500,sample
RKLB,US,2025-09-22,8.47,8.60,8.37,8.50,8.50,12875000,109437500,sample
RKLB,US,2025-09-23,8.49,8.61,8.39,8.51,8.51,13000000,110630000,sample
RKLB,US,2025-09-24,8.51,8.62,8.41,8.52,8.52,13125000,111825000,sample
RKLB,US,2025-09-25,8.53,8.63,8.43,8.53,8.53,13250000,113022500,sample
RKLB,US,2025-09-26,8.55,8.65,8.44,8.54,8.54,13375000,114222500,sample
RKLB,US,2025-09-29,8.37,8.50,8.27,8.40,8.40,13500000,113400000,sample
RKLB,US,2025-09-30,8.39,8.51,8.29,8.41,8.41,13625000,114586250,sample
RKLB,US,2025-10-01,8.41,8.52,8.31,8.42,8.42,13750000,115775000,sample
RKLB,US,2025-10-02,8.43,8.53,8.33,8.43,8.43,12500000,105375000,sample
RKLB,US,2025-10-03,8.45,8.55,8.34,8.44,8.44,12625000,106555000,sample
RKLB,US,2025-10-06,8.42,8.55,8.32,8.45,8.45,12750000,107737500,sample
RKLB,US,2025-10-07,8.44,8.56,8.34,8.46,8.46,12875000,108922500,sample
RKLB,US,2025-10-08,8.46,8.57,8.36,8.47,8.47,13000000,110110000,sample
RKLB,US,2025-10-09,8.48,8.58,8.38,8.48,8.48,13125000,111300000,sample
RKLB,US,2025-10-10,8.50,8.60,8.39,8.49,8.49,13250000,112492500,sample
RKLB,US,2025-10-13,8.47,8.60,8.37,8.50,8.50,13375000,113687500,sample
RKLB,US,2025-10-14,8.49,8.61,8.39,8.51,8.51,13500000,114885000,sample
RKLB,US,2025-10-15,8.51,8.62,8.41,8.52,8.52,13625000,116085000,sample
RKLB,US,2025-10-16,8.52,8.62,8.42,8.52,8.52,13750000,117150000,sample
RKLB,US,2025-10-17,8.54,8.64,8.43,8.53,8.53,12500000,106625000,sample
RKLB,US,2025-10-20,8.51,8.64,8.41,8.54,8.54,12625000,107817500,sample
RKLB,US,2025-10-21,8.53,8.65,8.43,8.55,8.55,12750000,109012500,sample
RKLB,US,2025-10-22,8.41,8.52,8.31,8.42,8.42,12875000,108407500,sample
RKLB,US,2025-10-23,8.43,8.53,8.33,8.43,8.43,13000000,109590000,sample
RKLB,US,2025-10-24,8.45,8.55,8.34,8.44,8.44,13125000,110775000,sample
RKLB,US,2025-10-27,8.42,8.55,8.32,8.45,8.45,13250000,111962500,sample
RKLB,US,2025-10-28,8.44,8.56,8.34,8.46,8.46,13375000,113152500,sample
RKLB,US,2025-10-29,8.45,8.56,8.35,8.46,8.46,13500000,114210000,sample
RKLB,US,2025-10-30,8.47,8.57,8.37,8.47,8.47,13625000,115403750,sample
RKLB,US,2025-10-31,8.49,8.59,8.38,8.48,8.48,13750000,116600000,sample
RKLB,US,2025-11-03,8.46,8.59,8.36,8.49,8.49,12500000,106125000,sample
RKLB,US,2025-11-04,8.48,8.60,8.38,8.50,8.50,12625000,107312500,sample
RKLB,US,2025-11-05,8.50,8.61,8.40,8.51,8.51,12750000,108502500,sample
RKLB,US,2025-11-06,8.52,8.62,8.42,8.52,8.52,12875000,109695000,sample
RKLB,US,2025-11-07,8.54,8.64,8.43,8.53,8.53,13000000,110890000,sample
RKLB,US,2025-11-10,8.51,8.64,8.41,8.54,8.54,13125000,112087500,sample
RKLB,US,2025-11-11,8.53,8.65,8.43,8.55,8.55,13250000,113287500,sample
RKLB,US,2025-11-12,8.55,8.66,8.45,8.56,8.56,13375000,114490000,sample
RKLB,US,2025-11-13,8.57,8.67,8.47,8.57,8.57,13500000,115695000,sample
RKLB,US,2025-11-14,8.44,8.54,8.33,8.43,8.43,13625000,114858750,sample
RKLB,US,2025-11-17,8.41,8.54,8.31,8.44,8.44,13750000,116050000,sample
RKLB,US,2025-11-18,8.43,8.55,8.33,8.45,8.45,12500000,105625000,sample
RKLB,US,2025-11-19,8.45,8.56,8.35,8.46,8.46,12625000,106807500,sample
RKLB,US,2025-11-20,8.47,8.57,8.37,8.47,8.47,12750000,107992500,sample
RKLB,US,2025-11-21,8.49,8.59,8.38,8.48,8.48,12875000,109180000,sample
RKLB,US,2025-11-24,8.46,8.59,8.36,8.49,8.49,13000000,110370000,sample
RKLB,US,2025-11-25,8.48,8.60,8.38,8.50,8.50,13125000,111562500,sample
RKLB,US,2025-11-26,8.50,8.61,8.40,8.51,8.51,13250000,112757500,sample
RKLB,US,2025-11-27,8.52,8.62,8.42,8.52,8.52,13375000,113955000,sample
RKLB,US,2025-11-28,8.54,8.64,8.43,8.53,8.53,13500000,115155000,sample
RKLB,US,2025-12-01,8.50,8.63,8.40,8.53,8.53,13625000,116221250,sample
RKLB,US,2025-12-02,8.52,8.64,8.42,8.54,8.54,13750000,117425000,sample
RKLB,US,2025-12-03,8.54,8.65,8.44,8.55,8.55,12500000,106875000,sample
RKLB,US,2025-12-04,8.56,8.66,8.46,8.56,8.56,12625000,108070000,sample
RKLB,US,2025-12-05,8.58,8.68,8.47,8.57,8.57,12750000,109267500,sample
RKLB,US,2025-12-08,8.55,8.68,8.45,8.58,8.58,12875000,110467500,sample
RKLB,US,2025-12-09,8.43,8.55,8.33,8.45,8.45,13000000,109850000,sample
RKLB,US,2025-12-10,8.45,8.56,8.35,8.46,8.46,13125000,111037500,sample
RKLB,US,2025-12-11,8.47,8.57,8.37,8.47,8.47,13250000,112227500,sample
RKLB,US,2025-12-12,8.48,8.58,8.37,8.47,8.47,13375000,113286250,sample
RKLB,US,2025-12-15,8.45,8.58,8.35,8.48,8.48,13500000,114480000,sample
RKLB,US,2025-12-16,8.47,8.59,8.37,8.49,8.49,13625000,115676250,sample
RKLB,US,2025-12-17,8.49,8.60,8.39,8.50,8.50,13750000,116875000,sample
RKLB,US,2025-12-18,8.51,8.61,8.41,8.51,8.51,12500000,106375000,sample
RKLB,US,2025-12-19,8.53,8.63,8.42,8.52,8.52,12625000,107565000,sample
RKLB,US,2025-12-22,8.50,8.63,8.40,8.53,8.53,12750000,108757500,sample
RKLB,US,2025-12-23,8.52,8.64,8.42,8.54,8.54,12875000,109952500,sample
RKLB,US,2025-12-24,8.54,8.65,8.44,8.55,8.55,13000000,111150000,sample
RKLB,US,2025-12-25,8.56,8.66,8.46,8.56,8.56,13125000,112350000,sample
RKLB,US,2025-12-26,8.58,8.68,8.47,8.57,8.57,13250000,113552500,sample
RKLB,US,2025-12-29,8.55,8.68,8.45,8.58,8.58,13375000,114757500,sample
RKLB,US,2025-12-30,8.57,8.69,8.47,8.59,8.59,13500000,115965000,sample
RKLB,US,2025-12-31,8.58,8.69,8.48,8.59,8.59,13625000,117038750,sample
RKLB,US,2026-01-01,8.46,8.56,8.36,8.46,8.46,13750000,116325000,sample
RKLB,US,2026-01-02,8.48,8.58,8.37,8.47,8.47,12500000,105875000,sample
RKLB,US,2026-01-05,8.45,8.58,8.35,8.48,8.48,12625000,107060000,sample
RKLB,US,2026-01-06,8.47,8.59,8.37,8.49,8.49,12750000,108247500,sample
RKLB,US,2026-01-07,8.49,8.60,8.39,8.50,8.50,12875000,109437500,sample
RKLB,US,2026-01-08,8.51,8.61,8.41,8.51,8.51,13000000,110630000,sample
RKLB,US,2026-01-09,8.53,8.63,8.42,8.52,8.52,13125000,111825000,sample
RKLB,US,2026-01-12,8.50,8.63,8.40,8.53,8.53,13250000,113022500,sample
RKLB,US,2026-01-13,8.52,8.64,8.42,8.54,8.54,13375000,114222500,sample
RKLB,US,2026-01-14,8.53,8.64,8.43,8.54,8.54,13500000,115290000,sample
RKLB,US,2026-01-15,8.55,8.65,8.45,8.55,8.55,13625000,116493750,sample
RKLB,US,2026-01-16,8.57,8.67,8.46,8.56,8.56,13750000,117700000,sample
RKLB,US,2026-01-19,8.54,8.67,8.44,8.57,8.57,12500000,107125000,sample
RKLB,US,2026-01-20,8.56,8.68,8.46,8.58,8.58,12625000,108322500,sample
RKLB,US,2026-01-21,8.58,8.69,8.48,8.59,8.59,12750000,109522500,sample
RKLB,US,2026-01-22,8.60,8.70,8.50,8.60,8.60,12875000,110725000,sample
RKLB,US,2026-01-23,8.62,8.72,8.51,8.61,8.61,13000000,111930000,sample
RKLB,US,2026-01-26,8.45,8.58,8.35,8.48,8.48,13125000,111300000,sample
RKLB,US,2026-01-27,8.46,8.58,8.36,8.48,8.48,13250000,112360000,sample
RKLB,US,2026-01-28,8.48,8.59,8.38,8.49,8.49,13375000,113553750,sample
RKLB,US,2026-01-29,8.50,8.60,8.40,8.50,8.50,13500000,114750000,sample
RKLB,US,2026-01-30,8.52,8.62,8.41,8.51,8.51,13625000,115948750,sample
RKLB,US,2026-02-02,8.49,8.62,8.39,8.52,8.52,13750000,117150000,sample
RKLB,US,2026-02-03,8.51,8.63,8.41,8.53,8.53,12500000,106625000,sample
RKLB,US,2026-02-04,8.53,8.64,8.43,8.54,8.54,12625000,107817500,sample
RKLB,US,2026-02-05,8.55,8.65,8.45,8.55,8.55,12750000,109012500,sample
RKLB,US,2026-02-06,8.57,8.67,8.46,8.56,8.56,12875000,110210000,sample
RKLB,US,2026-02-09,8.54,8.67,8.44,8.57,8.57,13000000,111410000,sample
RKLB,US,2026-02-10,8.56,8.68,8.46,8.58,8.58,13125000,112612500,sample
RKLB,US,2026-02-11,8.58,8.69,8.48,8.59,8.59,13250000,113817500,sample
RKLB,US,2026-02-12,8.60,8.70,8.50,8.60,8.60,13375000,115025000,sample
RKLB,US,2026-02-13,8.61,8.71,8.50,8.60,8.60,13500000,116100000,sample
RKLB,US,2026-02-16,8.58,8.71,8.48,8.61,8.61,13625000,117311250,sample
RKLB,US,2026-02-17,8.60,8.72,8.50,8.62,8.62,13750000,118525000,sample
RKLB,US,2026-02-18,8.48,8.59,8.38,8.49,8.49,12500000,106125000,sample
RKLB,US,2026-02-19,8.50,8.60,8.40,8.50,8.50,12625000,107312500,sample
RKLB,US,2026-02-20,8.52,8.62,8.41,8.51,8.51,12750000,108502500,sample
RKLB,US,2026-02-23,8.49,8.62,8.39,8.52,8.52,12875000,109695000,sample
RKLB,US,2026-02-24,8.51,8.63,8.41,8.53,8.53,13000000,110890000,sample
RKLB,US,2026-02-25,8.53,8.64,8.43,8.54,8.54,13125000,112087500,sample
RKLB,US,2026-02-26,8.55,8.65,8.45,8.55,8.55,13250000,113287500,sample
RKLB,US,2026-02-27,8.56,8.66,8.45,8.55,8.55,13375000,114356250,sample
RKLB,US,2026-03-02,8.53,8.66,8.43,8.56,8.56,13500000,115560000,sample
RKLB,US,2026-03-03,8.55,8.67,8.45,8.57,8.57,13625000,116766250,sample
RKLB,US,2026-03-04,8.57,8.68,8.47,8.58,8.58,13750000,117975000,sample
RKLB,US,2026-03-05,8.59,8.69,8.49,8.59,8.59,12500000,107375000,sample
RKLB,US,2026-03-06,8.61,8.71,8.50,8.60,8.60,12625000,108575000,sample
RKLB,US,2026-03-09,8.58,8.71,8.48,8.61,8.61,12750000,109777500,sample
RKLB,US,2026-03-10,8.60,8.72,8.50,8.62,8.62,12875000,110982500,sample
RKLB,US,2026-03-11,8.62,8.73,8.52,8.63,8.63,13000000,112190000,sample
RKLB,US,2026-03-12,8.64,8.74,8.54,8.64,8.64,13125000,113400000,sample
RKLB,US,2026-03-13,8.51,8.61,8.40,8.50,8.50,13250000,112625000,sample
RKLB,US,2026-03-16,8.48,8.61,8.38,8.51,8.51,13375000,113821250,sample
RKLB,US,2026-03-17,8.50,8.62,8.40,8.52,8.52,13500000,115020000,sample
RKLB,US,2026-03-18,8.52,8.63,8.42,8.53,8.53,13625000,116221250,sample
RKLB,US,2026-03-19,8.54,8.64,8.44,8.54,8.54,13750000,117425000,sample
RKLB,US,2026-03-20,8.56,8.66,8.45,8.55,8.55,12500000,106875000,sample
RKLB,US,2026-03-23,8.53,8.66,8.43,8.56,8.56,12625000,108070000,sample
RKLB,US,2026-03-24,8.55,8.67,8.45,8.57,8.57,12750000,109267500,sample
RKLB,US,2026-03-25,8.57,8.68,8.47,8.58,8.58,12875000,110467500,sample
RKLB,US,2026-03-26,8.59,8.69,8.49,8.59,8.59,13000000,111670000,sample
RKLB,US,2026-03-27,8.61,8.71,8.50,8.60,8.60,13125000,112875000,sample
RKLB,US,2026-03-30,8.58,8.71,8.48,8.61,8.61,13250000,114082500,sample
RKLB,US,2026-03-31,8.60,8.72,8.50,8.62,8.62,13375000,115292500,sample
RKLB,US,2026-04-01,8.61,8.72,8.51,8.62,8.62,13500000,116370000,sample
RKLB,US,2026-04-02,8.63,8.73,8.53,8.63,8.63,13625000,117583750,sample
RKLB,US,2026-04-03,8.65,8.75,8.54,8.64,8.64,13750000,118800000,sample
RKLB,US,2026-04-06,8.62,8.75,8.52,8.65,8.65,12500000,108125000,sample
RKLB,US,2026-04-07,8.50,8.62,8.40,8.52,8.52,12625000,107565000,sample
RKLB,US,2026-04-08,8.52,8.63,8.42,8.53,8.53,12750000,108757500,sample
RKLB,US,2026-04-09,8.54,8.64,8.44,8.54,8.54,12875000,109952500,sample
RKLB,US,2026-04-10,8.56,8.66,8.45,8.55,8.55,13000000,111150000,sample
RKLB,US,2026-04-13,8.53,8.66,8.43,8.56,8.56,13125000,112350000,sample
RKLB,US,2026-04-14,8.54,8.66,8.44,8.56,8.56,13250000,113420000,sample
RKLB,US,2026-04-15,8.56,8.67,8.46,8.57,8.57,13375000,114623750,sample
RKLB,US,2026-04-16,8.58,8.68,8.48,8.58,8.58,13500000,115830000,sample
RKLB,US,2026-04-17,8.60,8.70,8.49,8.59,8.59,13625000,117038750,sample
RKLB,US,2026-04-20,8.57,8.70,8.47,8.60,8.60,13750000,118250000,sample
RKLB,US,2026-04-21,8.59,8.71,8.49,8.61,8.61,12500000,107625000,sample
RKLB,US,2026-04-22,8.61,8.72,8.51,8.62,8.62,12625000,108827500,sample
RKLB,US,2026-04-23,8.63,8.73,8.53,8.63,8.63,12750000,110032500,sample
RKLB,US,2026-04-24,8.65,8.75,8.54,8.64,8.64,12875000,111240000,sample
RKLB,US,2026-04-27,8.62,8.75,8.52,8.65,8.65,13000000,112450000,sample
RKLB,US,2026-04-28,8.64,8.76,8.54,8.66,8.66,13125000,113662500,sample
RKLB,US,2026-04-29,8.66,8.77,8.56,8.67,8.67,13250000,114877500,sample
RKLB,US,2026-04-30,8.53,8.63,8.43,8.53,8.53,13375000,114088750,sample
RKLB,US,2026-05-01,8.55,8.65,8.44,8.54,8.54,13500000,115290000,sample
RKLB,US,2026-05-04,8.52,8.65,8.42,8.55,8.55,13625000,116493750,sample
RKLB,US,2026-05-05,8.54,8.66,8.44,8.56,8.56,13750000,117700000,sample
RKLB,US,2026-05-06,8.56,8.67,8.46,8.57,8.57,12500000,107125000,sample
RKLB,US,2026-05-07,8.58,8.68,8.48,8.58,8.58,12625000,108322500,sample
RKLB,US,2026-05-08,8.60,8.70,8.49,8.59,8.59,12750000,109522500,sample
RKLB,US,2026-05-11,8.57,8.70,8.47,8.60,8.60,12875000,110725000,sample
RKLB,US,2026-05-12,8.59,8.71,8.49,8.61,8.61,13000000,111930000,sample
RKLB,US,2026-05-13,8.61,8.72,8.51,8.62,8.62,13125000,113137500,sample
RKLB,US,2026-05-14,8.63,8.73,8.53,8.63,8.63,13250000,114347500,sample
RKLB,US,2026-05-15,8.64,8.74,8.53,8.63,8.63,13375000,115426250,sample
RKLB,US,2026-05-18,8.61,8.74,8.51,8.64,8.64,13500000,116640000,sample
RKLB,US,2026-05-19,8.63,8.75,8.53,8.65,8.65,13625000,117856250,sample
RKLB,US,2026-05-20,8.65,8.76,8.55,8.66,8.66,13750000,119075000,sample
RKLB,US,2026-05-21,8.67,8.77,8.57,8.67,8.67,12500000,108375000,sample
RKLB,US,2026-05-22,8.69,8.79,8.58,8.68,8.68,12625000,109585000,sample
RKLB,US,2026-05-25,8.52,8.65,8.42,8.55,8.55,12750000,109012500,sample
RKLB,US,2026-05-26,8.54,8.66,8.44,8.56,8.56,12875000,110210000,sample
RKLB,US,2026-05-27,8.56,8.67,8.46,8.57,8.57,13000000,111410000,sample
RKLB,US,2026-05-28,8.57,8.67,8.47,8.57,8.57,13125000,112481250,sample
RKLB,US,2026-05-29,8.59,8.69,8.48,8.58,8.58,13250000,113685000,sample
LMT,US,2025-06-02,459.90,466.82,454.38,461.28,461.28,1150000,530472000,sample
LMT,US,2025-06-03,460.87,467.33,455.34,461.79,461.79,1161500,536369085,sample
LMT,US,2025-06-04,461.84,467.85,456.30,462.30,462.30,1173000,542277900,sample
LMT,US,2025-06-05,462.81,468.36,457.26,462.81,462.81,1184500,548198445,sample
LMT,US,2025-06-06,463.79,469.36,457.77,463.33,463.33,1196000,554142680,sample
LMT,US,2025-06-09,462.45,469.41,456.90,463.84,463.84,1207500,560086800,sample
LMT,US,2025-06-10,463.42,469.92,457.86,464.35,464.35,1219000,566042650,sample
LMT,US,2025-06-11,464.40,470.44,458.83,464.86,464.86,1230500,572010230,sample
LMT,US,2025-06-12,465.37,470.95,459.79,465.37,465.37,1242000,577989540,sample
LMT,US,2025-06-13,466.35,471.95,460.29,465.88,465.88,1253500,583980580,sample
LMT,US,2025-06-16,465.00,472.00,459.42,466.40,466.40,1265000,589996000,sample
LMT,US,2025-06-17,465.98,472.51,460.39,466.91,466.91,1150000,536946500,sample
LMT,US,2025-06-18,466.95,473.03,461.35,467.42,467.42,1161500,542908330,sample
LMT,US,2025-06-19,467.93,473.55,462.31,467.93,467.93,1173000,548881890,sample
LMT,US,2025-06-20,468.91,474.54,462.82,468.44,468.44,1184500,554867180,sample
LMT,US,2025-06-23,467.54,474.58,461.93,468.95,468.95,1196000,560864200,sample
LMT,US,2025-06-24,468.52,475.09,462.90,469.46,469.46,1207500,566872950,sample
LMT,US,2025-06-25,461.61,467.61,456.07,462.07,462.07,1219000,563263330,sample
LMT,US,2025-06-26,462.58,468.13,457.03,462.58,462.58,1230500,569204690,sample
LMT,US,2025-06-27,463.55,469.11,457.53,463.09,463.09,1242000,575157780,sample
LMT,US,2025-06-30,462.22,469.17,456.67,463.61,463.61,1253500,581135135,sample
LMT,US,2025-07-01,463.19,469.69,457.63,464.12,464.12,1265000,587111800,sample
LMT,US,2025-07-02,464.17,470.21,458.60,464.63,464.63,1150000,534324500,sample
LMT,US,2025-07-03,465.14,470.72,459.56,465.14,465.14,1161500,540260110,sample
LMT,US,2025-07-04,466.12,471.71,460.06,465.65,465.65,1173000,546207450,sample
LMT,US,2025-07-07,464.76,471.75,459.18,466.16,466.16,1184500,552166520,sample
LMT,US,2025-07-08,465.74,472.27,460.15,466.67,466.67,1196000,558137320,sample
LMT,US,2025-07-09,466.72,472.80,461.12,467.19,467.19,1207500,564131925,sample
LMT,US,2025-07-10,467.70,473.31,462.09,467.70,467.70,1219000,570126300,sample
LMT,US,2025-07-11,468.68,474.30,462.59,468.21,468.21,1230500,576132405,sample
LMT,US,2025-07-14,467.31,474.34,461.70,468.72,468.72,1242000,582150240,sample
LMT,US,2025-07-15,468.29,474.86,462.67,469.23,469.23,1253500,588179805,sample
LMT,US,2025-07-16,469.27,475.38,463.64,469.74,469.74,1265000,594221100,sample
LMT,US,2025-07-17,470.25,475.89,464.61,470.25,470.25,1150000,540787500,sample
LMT,US,2025-07-18,463.32,468.88,457.31,462.86,462.86,1161500,537611890,sample
LMT,US,2025-07-21,461.98,468.93,456.44,463.37,463.37,1173000,543533010,sample
LMT,US,2025-07-22,462.95,469.45,457.39,463.88,463.88,1184500,549465860,sample
LMT,US,2025-07-23,463.94,469.97,458.37,464.40,464.40,1196000,555422400,sample
LMT,US,2025-07-24,464.91,470.49,459.33,464.91,464.91,1207500,561378825,sample
LMT,US,2025-07-25,465.89,471.48,459.83,465.42,465.42,1219000,567346980,sample
LMT,US,2025-07-28,464.53,471.52,458.96,465.93,465.93,1230500,573326865,sample
LMT,US,2025-07-29,465.51,472.04,459.92,466.44,466.44,1242000,579318480,sample
LMT,US,2025-07-30,466.48,472.55,460.88,466.95,466.95,1253500,585321825,sample
LMT,US,2025-07-31,467.46,473.07,461.85,467.46,467.46,1265000,591336900,sample
LMT,US,2025-08-01,468.45,474.07,462.36,467.98,467.98,1150000,538177000,sample
LMT,US,2025-08-04,467.08,474.11,461.48,468.49,468.49,1161500,544151135,sample
LMT,US,2025-08-05,468.06,474.63,462.44,469.00,469.00,1173000,550137000,sample
LMT,US,2025-08-06,469.04,475.14,463.41,469.51,469.51,1184500,556134595,sample
LMT,US,2025-08-07,470.02,475.66,464.38,470.02,470.02,1196000,562143920,sample
LMT,US,2025-08-08,471.00,476.65,464.88,470.53,470.53,1207500,568164975,sample
LMT,US,2025-08-11,469.64,476.70,464.00,471.05,471.05,1219000,574209950,sample
LMT,US,2025-08-12,462.72,469.21,457.17,463.65,463.65,1230500,570521325,sample
LMT,US,2025-08-13,463.70,469.73,458.14,464.16,464.16,1242000,576486720,sample
LMT,US,2025-08-14,464.67,470.25,459.09,464.67,464.67,1253500,582463845,sample
LMT,US,2025-08-15,465.66,471.25,459.61,465.19,465.19,1265000,588465350,sample
LMT,US,2025-08-18,464.30,471.29,458.73,465.70,465.70,1150000,535555000,sample
LMT,US,2025-08-19,465.28,471.80,459.70,466.21,466.21,1161500,541502915,sample
LMT,US,2025-08-20,466.25,472.32,460.66,466.72,466.72,1173000,547462560,sample
LMT,US,2025-08-21,467.23,472.84,461.62,467.23,467.23,1184500,553433935,sample
LMT,US,2025-08-22,468.21,473.83,462.13,467.74,467.74,1196000,559417040,sample
LMT,US,2025-08-25,466.86,473.88,461.26,468.26,468.26,1207500,565423950,sample
LMT,US,2025-08-26,467.83,474.40,462.22,468.77,468.77,1219000,571430630,sample
LMT,US,2025-08-27,468.81,474.91,463.18,469.28,469.28,1230500,577449040,sample
LMT,US,2025-08-28,469.79,475.43,464.15,469.79,469.79,1242000,583479180,sample
LMT,US,2025-08-29,470.77,476.42,464.66,470.30,470.30,1253500,589521050,sample
LMT,US,2025-09-01,469.40,476.46,463.77,470.81,470.81,1265000,595574650,sample
LMT,US,2025-09-02,470.38,476.98,464.74,471.32,471.32,1150000,542018000,sample
LMT,US,2025-09-03,471.37,477.50,465.71,471.84,471.84,1161500,548042160,sample
LMT,US,2025-09-04,464.44,470.01,458.87,464.44,464.44,1173000,544788120,sample
LMT,US,2025-09-05,465.41,470.99,459.37,464.95,464.95,1184500,550733275,sample
LMT,US,2025-09-08,464.07,471.06,458.50,465.47,465.47,1196000,556702120,sample
LMT,US,2025-09-09,465.05,471.57,459.47,465.98,465.98,1207500,562670850,sample
LMT,US,2025-09-10,466.02,472.09,460.43,466.49,466.49,1219000,568651310,sample
LMT,US,2025-09-11,467.00,472.60,461.40,467.00,467.00,1230500,574643500,sample
LMT,US,2025-09-12,467.98,473.60,461.90,467.51,467.51,1242000,580647420,sample
LMT,US,2025-09-15,466.62,473.64,461.02,468.02,468.02,1253500,586663070,sample
LMT,US,2025-09-16,467.59,474.15,461.98,468.53,468.53,1265000,592690450,sample
LMT,US,2025-09-17,468.58,474.68,462.96,469.05,469.05,1150000,539407500,sample
LMT,US,2025-09-18,469.56,475.19,463.93,469.56,469.56,1161500,545393940,sample
LMT,US,2025-09-19,470.54,476.19,464.43,470.07,470.07,1173000,551392110,sample
LMT,US,2025-09-22,469.17,476.23,463.54,470.58,470.58,1184500,557402010,sample
LMT,US,2025-09-23,470.15,476.74,464.51,471.09,471.09,1196000,563423640,sample
LMT,US,2025-09-24,471.13,477.26,465.48,471.60,471.60,1207500,569457000,sample
LMT,US,2025-09-25,472.11,477.78,466.44,472.11,472.11,1219000,575502090,sample
LMT,US,2025-09-26,473.10,478.78,466.96,472.63,472.63,1230500,581571215,sample
LMT,US,2025-09-29,463.83,470.81,458.26,465.23,465.23,1242000,577815660,sample
LMT,US,2025-09-30,464.81,471.33,459.23,465.74,465.74,1253500,583805090,sample
LMT,US,2025-10-01,465.79,471.86,460.20,466.26,466.26,1265000,589818900,sample
LMT,US,2025-10-02,466.77,472.37,461.17,466.77,466.77,1150000,536785500,sample
LMT,US,2025-10-03,467.75,473.36,461.67,467.28,467.28,1161500,542745720,sample
LMT,US,2025-10-06,466.39,473.40,460.79,467.79,467.79,1173000,548717670,sample
LMT,US,2025-10-07,467.36,473.92,461.75,468.30,468.30,1184500,554701350,sample
LMT,US,2025-10-08,468.34,474.44,462.72,468.81,468.81,1196000,560696760,sample
LMT,US,2025-10-09,469.32,474.95,463.69,469.32,469.32,1207500,566703900,sample
LMT,US,2025-10-10,470.31,475.95,464.20,469.84,469.84,1219000,572734960,sample
LMT,US,2025-10-13,468.94,475.99,463.31,470.35,470.35,1230500,578765675,sample
LMT,US,2025-10-14,469.92,476.51,464.28,470.86,470.86,1242000,584808120,sample
LMT,US,2025-10-15,470.90,477.03,465.25,471.37,471.37,1253500,590862295,sample
LMT,US,2025-10-16,471.88,477.54,466.22,471.88,471.88,1265000,596928200,sample
LMT,US,2025-10-17,472.86,478.53,466.72,472.39,472.39,1150000,543248500,sample
LMT,US,2025-10-20,471.49,478.58,465.83,472.91,472.91,1161500,549284965,sample
LMT,US,2025-10-21,472.47,479.10,466.80,473.42,473.42,1173000,555321660,sample
LMT,US,2025-10-22,465.55,471.61,459.96,466.02,466.02,1184500,552000690,sample
LMT,US,2025-10-23,466.53,472.13,460.93,466.53,466.53,1196000,557969880,sample
LMT,US,2025-10-24,467.52,473.13,461.45,467.05,467.05,1207500,563962875,sample
LMT,US,2025-10-27,466.16,473.17,460.57,467.56,467.56,1219000,569955640,sample
LMT,US,2025-10-28,467.13,473.69,461.52,468.07,468.07,1230500,575960135,sample
LMT,US,2025-10-29,468.11,474.20,462.49,468.58,468.58,1242000,581976360,sample
LMT,US,2025-10-30,469.09,474.72,463.46,469.09,469.09,1253500,588004315,sample
LMT,US,2025-10-31,470.07,475.71,463.96,469.60,469.60,1265000,594044000,sample
LMT,US,2025-11-03,468.71,475.76,463.09,470.12,470.12,1150000,540638000,sample
LMT,US,2025-11-04,469.69,476.28,464.05,470.63,470.63,1161500,546636745,sample
LMT,US,2025-11-05,470.67,476.79,465.02,471.14,471.14,1173000,552647220,sample
LMT,US,2025-11-06,471.65,477.31,465.99,471.65,471.65,1184500,558669425,sample
LMT,US,2025-11-07,472.63,478.30,466.49,472.16,472.16,1196000,564703360,sample
LMT,US,2025-11-10,471.25,478.34,465.60,472.67,472.67,1207500,570749025,sample
LMT,US,2025-11-11,472.23,478.86,466.56,473.18,473.18,1219000,576806420,sample
LMT,US,2025-11-12,473.23,479.38,467.55,473.70,473.70,1230500,582887850,sample
LMT,US,2025-11-13,474.21,479.90,468.52,474.21,474.21,1242000,588968820,sample
LMT,US,2025-11-14,467.28,472.89,461.21,466.81,466.81,1253500,585146335,sample
LMT,US,2025-11-17,465.93,472.94,460.34,467.33,467.33,1265000,591172450,sample
LMT,US,2025-11-18,466.90,473.45,461.30,467.84,467.84,1150000,538016000,sample
LMT,US,2025-11-19,467.88,473.97,462.27,468.35,468.35,1161500,543988525,sample
LMT,US,2025-11-20,468.86,474.49,463.23,468.86,468.86,1173000,549972780,sample
LMT,US,2025-11-21,469.84,475.48,463.74,469.37,469.37,1184500,555968765,sample
LMT,US,2025-11-24,468.47,475.52,462.85,469.88,469.88,1196000,561976480,sample
LMT,US,2025-11-25,469.45,476.03,463.82,470.39,470.39,1207500,567995925,sample
LMT,US,2025-11-26,470.44,476.56,464.79,470.91,470.91,1219000,574039290,sample
LMT,US,2025-11-27,471.42,477.08,465.76,471.42,471.42,1230500,580082310,sample
LMT,US,2025-11-28,472.40,478.07,466.27,471.93,471.93,1242000,586137060,sample
LMT,US,2025-12-01,471.02,478.11,465.37,472.44,472.44,1253500,592203540,sample
LMT,US,2025-12-02,472.00,478.63,466.34,472.95,472.95,1265000,598281750,sample
LMT,US,2025-12-03,472.99,479.14,467.31,473.46,473.46,1150000,544479000,sample
LMT,US,2025-12-04,473.97,479.66,468.28,473.97,473.97,1161500,550516155,sample
LMT,US,2025-12-05,474.96,480.66,468.80,474.49,474.49,1173000,556576770,sample
LMT,US,2025-12-08,473.58,480.70,467.90,475.00,475.00,1184500,562637500,sample
LMT,US,2025-12-09,466.66,473.21,461.06,467.60,467.60,1196000,559249600,sample
LMT,US,2025-12-10,467.65,473.74,462.04,468.12,468.12,1207500,565254900,sample
LMT,US,2025-12-11,468.63,474.25,463.01,468.63,468.63,1219000,571259970,sample
LMT,US,2025-12-12,469.61,475.25,463.51,469.14,469.14,1230500,577276770,sample
LMT,US,2025-12-15,468.24,475.29,462.62,469.65,469.65,1242000,583305300,sample
LMT,US,2025-12-16,469.22,475.80,463.59,470.16,470.16,1253500,589345560,sample
LMT,US,2025-12-17,470.20,476.32,464.56,470.67,470.67,1265000,595397550,sample
LMT,US,2025-12-18,471.18,476.83,465.53,471.18,471.18,1150000,541857000,sample
LMT,US,2025-12-19,472.17,477.84,466.04,471.70,471.70,1161500,547879550,sample
LMT,US,2025-12-22,470.79,477.88,465.14,472.21,472.21,1173000,553902330,sample
LMT,US,2025-12-23,471.77,478.39,466.11,472.72,472.72,1184500,559936840,sample
LMT,US,2025-12-24,472.76,478.91,467.09,473.23,473.23,1196000,565983080,sample
LMT,US,2025-12-25,473.74,479.42,468.06,473.74,473.74,1207500,572041050,sample
LMT,US,2025-12-26,474.72,480.42,468.56,474.25,474.25,1219000,578110750,sample
LMT,US,2025-12-29,473.35,480.47,467.67,474.77,474.77,1230500,584204485,sample
LMT,US,2025-12-30,474.33,480.98,468.64,475.28,475.28,1242000,590297760,sample
LMT,US,2025-12-31,475.31,481.50,469.61,475.79,475.79,1253500,596402765,sample
LMT,US,2026-01-01,468.39,474.01,462.77,468.39,468.39,1265000,592513350,sample
LMT,US,2026-01-02,469.38,475.01,463.28,468.91,468.91,1150000,539246500,sample
LMT,US,2026-01-05,468.01,475.05,462.39,469.42,469.42,1161500,545231330,sample
LMT,US,2026-01-06,468.99,475.57,463.36,469.93,469.93,1173000,551227890,sample
LMT,US,2026-01-07,469.97,476.09,464.33,470.44,470.44,1184500,557236180,sample
LMT,US,2026-01-08,470.95,476.60,465.30,470.95,470.95,1196000,563256200,sample
LMT,US,2026-01-09,471.93,477.59,465.80,471.46,471.46,1207500,569287950,sample
LMT,US,2026-01-12,470.56,477.64,464.91,471.98,471.98,1219000,575343620,sample
LMT,US,2026-01-13,471.55,478.16,465.89,472.49,472.49,1230500,581398945,sample
LMT,US,2026-01-14,472.53,478.68,466.86,473.00,473.00,1242000,587466000,sample
LMT,US,2026-01-15,473.51,479.19,467.83,473.51,473.51,1253500,593544785,sample
LMT,US,2026-01-16,474.49,480.18,468.33,474.02,474.02,1265000,599635300,sample
LMT,US,2026-01-19,473.11,480.22,467.43,474.53,474.53,1150000,545709500,sample
LMT,US,2026-01-20,474.09,480.74,468.40,475.04,475.04,1161500,551758960,sample
LMT,US,2026-01-21,475.08,481.27,469.38,475.56,475.56,1173000,557831880,sample
LMT,US,2026-01-22,476.07,481.78,470.36,476.07,476.07,1184500,563904915,sample
LMT,US,2026-01-23,477.06,482.78,470.86,476.58,476.58,1196000,569989680,sample
LMT,US,2026-01-26,467.78,474.82,462.17,469.19,469.19,1207500,566546925,sample
LMT,US,2026-01-27,468.76,475.34,463.13,469.70,469.70,1219000,572564300,sample
LMT,US,2026-01-28,469.74,475.85,464.10,470.21,470.21,1230500,578593405,sample
LMT,US,2026-01-29,470.72,476.37,465.07,470.72,470.72,1242000,584634240,sample
LMT,US,2026-01-30,471.70,477.36,465.58,471.23,471.23,1253500,590686805,sample
LMT,US,2026-02-02,470.32,477.40,464.68,471.74,471.74,1265000,596751100,sample
LMT,US,2026-02-03,471.31,477.92,465.65,472.25,472.25,1150000,543087500,sample
LMT,US,2026-02-04,472.30,478.44,466.63,472.77,472.77,1161500,549122355,sample
LMT,US,2026-02-05,473.28,478.96,467.60,473.28,473.28,1173000,555157440,sample
LMT,US,2026-02-06,474.26,479.95,468.10,473.79,473.79,1184500,561204255,sample
LMT,US,2026-02-09,472.88,479.99,467.21,474.30,474.30,1196000,567262800,sample
LMT,US,2026-02-10,473.86,480.51,468.17,474.81,474.81,1207500,573333075,sample
LMT,US,2026-02-11,474.84,481.02,469.14,475.32,475.32,1219000,579415080,sample
LMT,US,2026-02-12,475.83,481.54,470.12,475.83,475.83,1230500,585508815,sample
LMT,US,2026-02-13,476.83,482.55,470.63,476.35,476.35,1242000,591626700,sample
LMT,US,2026-02-16,475.43,482.58,469.72,476.86,476.86,1253500,597744010,sample
LMT,US,2026-02-17,476.42,483.10,470.70,477.37,477.37,1265000,603873050,sample
LMT,US,2026-02-18,469.51,475.62,463.88,469.98,469.98,1150000,540477000,sample
LMT,US,2026-02-19,470.49,476.14,464.84,470.49,470.49,1161500,546474135,sample
LMT,US,2026-02-20,471.47,477.13,465.35,471.00,471.00,1173000,552483000,sample
LMT,US,2026-02-23,470.10,477.17,464.46,471.51,471.51,1184500,558503595,sample
LMT,US,2026-02-24,471.08,477.68,465.43,472.02,472.02,1196000,564535920,sample
LMT,US,2026-02-25,472.06,478.20,466.40,472.53,472.53,1207500,570579975,sample
LMT,US,2026-02-26,473.04,478.72,467.36,473.04,473.04,1219000,576635760,sample
LMT,US,2026-02-27,474.03,479.72,467.88,473.56,473.56,1230500,582715580,sample
LMT,US,2026-03-02,472.65,479.76,466.98,474.07,474.07,1242000,588794940,sample
LMT,US,2026-03-03,473.63,480.27,467.95,474.58,474.58,1253500,594886030,sample
LMT,US,2026-03-04,474.61,480.79,468.91,475.09,475.09,1265000,600988850,sample
LMT,US,2026-03-05,475.60,481.31,469.89,475.60,475.60,1150000,546940000,sample
LMT,US,2026-03-06,476.59,482.31,470.40,476.11,476.11,1161500,553001765,sample
LMT,US,2026-03-09,475.20,482.35,469.50,476.63,476.63,1173000,559086990,sample
LMT,US,2026-03-10,476.19,482.87,470.48,477.14,477.14,1184500,565172330,sample
LMT,US,2026-03-11,477.17,483.38,471.44,477.65,477.65,1196000,571269400,sample
LMT,US,2026-03-12,478.16,483.90,472.42,478.16,478.16,1207500,577378200,sample
LMT,US,2026-03-13,471.24,476.89,465.12,470.77,470.77,1219000,573868630,sample
LMT,US,2026-03-16,469.87,476.94,464.23,471.28,471.28,1230500,579910040,sample
LMT,US,2026-03-17,470.85,477.45,465.20,471.79,471.79,1242000,585963180,sample
LMT,US,2026-03-18,471.83,477.97,466.17,472.30,472.30,1253500,592028050,sample
LMT,US,2026-03-19,472.81,478.48,467.14,472.81,472.81,1265000,598104650,sample
LMT,US,2026-03-20,473.79,479.48,467.64,473.32,473.32,1150000,544318000,sample
LMT,US,2026-03-23,472.42,479.53,466.75,473.84,473.84,1161500,550365160,sample
LMT,US,2026-03-24,473.40,480.04,467.72,474.35,474.35,1173000,556412550,sample
LMT,US,2026-03-25,474.39,480.56,468.70,474.86,474.86,1184500,562471670,sample
LMT,US,2026-03-26,475.37,481.07,469.67,475.37,475.37,1196000,568542520,sample
LMT,US,2026-03-27,476.36,482.08,470.17,475.88,475.88,1207500,574625100,sample
LMT,US,2026-03-30,474.96,482.11,469.26,476.39,476.39,1219000,580719410,sample
LMT,US,2026-03-31,475.95,482.62,470.24,476.90,476.90,1230500,586825450,sample
LMT,US,2026-04-01,476.94,483.15,471.22,477.42,477.42,1242000,592955640,sample
LMT,US,2026-04-02,477.93,483.67,472.19,477.93,477.93,1253500,599085255,sample
LMT,US,2026-04-03,478.92,484.67,472.70,478.44,478.44,1265000,605226600,sample
LMT,US,2026-04-06,477.51,484.70,471.78,478.95,478.95,1150000,550792500,sample
LMT,US,2026-04-07,470.62,477.22,464.97,471.56,471.56,1161500,547716940,sample
LMT,US,2026-04-08,471.60,477.73,465.94,472.07,472.07,1173000,553738110,sample
LMT,US,2026-04-09,472.58,478.25,466.91,472.58,472.58,1184500,559771010,sample
LMT,US,2026-04-10,473.56,479.24,467.41,473.09,473.09,1196000,565815640,sample
LMT,US,2026-04-13,472.18,479.28,466.51,473.60,473.60,1207500,571872000,sample
LMT,US,2026-04-14,473.16,479.80,467.48,474.11,474.11,1219000,577940090,sample
LMT,US,2026-04-15,474.16,480.33,468.47,474.63,474.63,1230500,584032215,sample
LMT,US,2026-04-16,475.14,480.84,469.44,475.14,475.14,1242000,590123880,sample
LMT,US,2026-04-17,476.13,481.84,469.94,475.65,475.65,1253500,596227275,sample
LMT,US,2026-04-20,474.73,481.87,469.03,476.16,476.16,1265000,602342400,sample
LMT,US,2026-04-21,475.72,482.39,470.01,476.67,476.67,1150000,548170500,sample
LMT,US,2026-04-22,476.70,482.91,470.98,477.18,477.18,1161500,554244570,sample
LMT,US,2026-04-23,477.69,483.42,471.96,477.69,477.69,1173000,560330370,sample
LMT,US,2026-04-24,478.69,484.43,472.47,478.21,478.21,1184500,566439745,sample
LMT,US,2026-04-27,477.28,484.46,471.55,478.72,478.72,1196000,572549120,sample
LMT,US,2026-04-28,478.27,484.98,472.53,479.23,479.23,1207500,578670225,sample
LMT,US,2026-04-29,479.26,485.50,473.51,479.74,479.74,1219000,584803060,sample
LMT,US,2026-04-30,472.35,478.02,466.68,472.35,472.35,1230500,581226675,sample
LMT,US,2026-05-01,473.33,479.01,467.19,472.86,472.86,1242000,587292120,sample
LMT,US,2026-05-04,471.95,479.05,466.29,473.37,473.37,1253500,593369295,sample
LMT,US,2026-05-05,472.93,479.57,467.25,473.88,473.88,1265000,599458200,sample
LMT,US,2026-05-06,473.92,480.08,468.23,474.39,474.39,1150000,545548500,sample
LMT,US,2026-05-07,474.90,480.60,469.20,474.90,474.90,1161500,551596350,sample
LMT,US,2026-05-08,475.90,481.61,469.71,475.42,475.42,1173000,557667660,sample
LMT,US,2026-05-11,474.50,481.64,468.81,475.93,475.93,1184500,563739085,sample
LMT,US,2026-05-12,475.49,482.16,469.78,476.44,476.44,1196000,569822240,sample
LMT,US,2026-05-13,476.47,482.67,470.75,476.95,476.95,1207500,575917125,sample
LMT,US,2026-05-14,477.46,483.19,471.73,477.46,477.46,1219000,582023740,sample
LMT,US,2026-05-15,478.45,484.19,472.23,477.97,477.97,1230500,588142085,sample
LMT,US,2026-05-18,477.05,484.23,471.33,478.49,478.49,1242000,594284580,sample
LMT,US,2026-05-19,478.04,484.75,472.30,479.00,479.00,1253500,600426500,sample
LMT,US,2026-05-20,479.03,485.26,473.28,479.51,479.51,1265000,606580150,sample
LMT,US,2026-05-21,480.02,485.78,474.26,480.02,480.02,1150000,552023000,sample
LMT,US,2026-05-22,481.01,486.78,474.76,480.53,480.53,1161500,558135595,sample
LMT,US,2026-05-25,471.72,478.82,466.06,473.14,473.14,1173000,554993220,sample
LMT,US,2026-05-26,472.70,479.33,467.03,473.65,473.65,1184500,561038425,sample
LMT,US,2026-05-27,473.69,479.85,468.01,474.16,474.16,1196000,567095360,sample
LMT,US,2026-05-28,474.67,480.37,468.97,474.67,474.67,1207500,573164025,sample
LMT,US,2026-05-29,475.66,481.37,469.48,475.18,475.18,1219000,579244420,sample
NOC,US,2025-06-02,494.51,501.95,488.58,496.00,496.00,850000,421600000,sample
NOC,US,2025-06-03,495.56,502.51,489.61,496.55,496.55,858500,426288175,sample
NOC,US,2025-06-04,496.60,503.07,490.64,497.10,497.10,867000,430985700,sample
NOC,US,2025-06-05,497.65,503.62,491.68,497.65,497.65,875500,435692575,sample
NOC,US,2025-06-06,498.70,504.68,492.22,498.20,498.20,884000,440408800,sample
NOC,US,2025-06-09,497.25,504.74,491.28,498.75,498.75,892500,445134375,sample
NOC,US,2025-06-10,498.30,505.29,492.32,499.30,499.30,901000,449869300,sample
NOC,US,2025-06-11,499.35,505.85,493.36,499.85,499.85,909500,454613575,sample
NOC,US,2025-06-12,500.40,506.40,494.40,500.40,500.40,918000,459367200,sample
NOC,US,2025-06-13,501.45,507.47,494.94,500.95,500.95,926500,464130175,sample
NOC,US,2025-06-16,500.00,507.52,494.00,501.50,501.50,935000,468902500,sample
NOC,US,2025-06-17,501.05,508.07,495.04,502.05,502.05,850000,426742500,sample
NOC,US,2025-06-18,502.10,508.63,496.07,502.60,502.60,858500,431482100,sample
NOC,US,2025-06-19,503.15,509.19,497.11,503.15,503.15,867000,436231050,sample
NOC,US,2025-06-20,504.20,510.25,497.66,503.70,503.70,875500,440989350,sample
NOC,US,2025-06-23,502.74,510.30,496.71,504.25,504.25,884000,445757000,sample
NOC,US,2025-06-24,503.79,510.86,497.74,504.80,504.80,892500,450534000,sample
NOC,US,2025-06-25,496.35,502.81,490.39,496.85,496.85,901000,447661850,sample
NOC,US,2025-06-26,497.40,503.37,491.43,497.40,497.40,909500,452385300,sample
NOC,US,2025-06-27,498.45,504.43,491.97,497.95,497.95,918000,457118100,sample
NOC,US,2025-06-30,497.00,504.48,491.04,498.50,498.50,926500,461860250,sample
NOC,US,2025-07-01,498.05,505.04,492.07,499.05,499.05,935000,466611750,sample
NOC,US,2025-07-02,499.10,505.60,493.11,499.60,499.60,850000,424660000,sample
NOC,US,2025-07-03,500.15,506.15,494.15,500.15,500.15,858500,429378775,sample
NOC,US,2025-07-04,501.20,507.21,494.69,500.70,500.70,867000,434106900,sample
NOC,US,2025-07-07,499.75,507.27,493.75,501.25,501.25,875500,438844375,sample
NOC,US,2025-07-08,500.80,507.82,494.79,501.80,501.80,884000,443591200,sample
NOC,US,2025-07-09,501.85,508.38,495.83,502.35,502.35,892500,448347375,sample
NOC,US,2025-07-10,502.90,508.93,496.87,502.90,502.90,901000,453112900,sample
NOC,US,2025-07-11,503.95,510.00,497.41,503.45,503.45,909500,457887775,sample
NOC,US,2025-07-14,502.49,510.05,496.46,504.00,504.00,918000,462672000,sample
NOC,US,2025-07-15,503.54,510.60,497.50,504.55,504.55,926500,467465575,sample
NOC,US,2025-07-16,504.59,511.16,498.53,505.10,505.10,935000,472268500,sample
NOC,US,2025-07-17,505.65,511.72,499.58,505.65,505.65,850000,429802500,sample
NOC,US,2025-07-18,498.20,504.18,491.73,497.70,497.70,858500,427275450,sample
NOC,US,2025-07-21,496.76,504.23,490.80,498.25,498.25,867000,431982750,sample
NOC,US,2025-07-22,497.80,504.79,491.83,498.80,498.80,875500,436699400,sample
NOC,US,2025-07-23,498.85,505.34,492.86,499.35,499.35,884000,441425400,sample
NOC,US,2025-07-24,499.90,505.90,493.90,499.90,499.90,892500,446160750,sample
NOC,US,2025-07-25,500.95,506.96,494.44,500.45,500.45,901000,450905450,sample
NOC,US,2025-07-28,499.50,507.01,493.51,501.00,501.00,909500,455659500,sample
NOC,US,2025-07-29,500.55,507.57,494.54,501.55,501.55,918000,460422900,sample
NOC,US,2025-07-30,501.60,508.13,495.58,502.10,502.10,926500,465195650,sample
NOC,US,2025-07-31,502.65,508.68,496.62,502.65,502.65,935000,469977750,sample
NOC,US,2025-08-01,503.70,509.74,497.16,503.20,503.20,850000,427720000,sample
NOC,US,2025-08-04,502.24,509.80,496.21,503.75,503.75,858500,432469375,sample
NOC,US,2025-08-05,503.29,510.35,497.25,504.30,504.30,867000,437228100,sample
NOC,US,2025-08-06,504.35,510.91,498.30,504.85,504.85,875500,441996175,sample
NOC,US,2025-08-07,505.40,511.46,499.34,505.40,505.40,884000,446773600,sample
NOC,US,2025-08-08,506.46,512.54,499.88,505.95,505.95,892500,451560375,sample
NOC,US,2025-08-11,504.98,512.58,498.92,506.50,506.50,901000,456356500,sample
NOC,US,2025-08-12,497.55,504.53,491.58,498.55,498.55,909500,453431225,sample
NOC,US,2025-08-13,498.60,505.09,492.62,499.10,499.10,918000,458173800,sample
NOC,US,2025-08-14,499.65,505.65,493.65,499.65,499.65,926500,462925725,sample
NOC,US,2025-08-15,500.70,506.71,494.20,500.20,500.20,935000,467687000,sample
NOC,US,2025-08-18,499.25,506.76,493.26,500.75,500.75,850000,425637500,sample
NOC,US,2025-08-19,500.30,507.32,494.30,501.30,501.30,858500,430366050,sample
NOC,US,2025-08-20,501.35,507.87,495.33,501.85,501.85,867000,435103950,sample
NOC,US,2025-08-21,502.40,508.43,496.37,502.40,502.40,875500,439851200,sample
NOC,US,2025-08-22,503.45,509.49,496.91,502.95,502.95,884000,444607800,sample
NOC,US,2025-08-25,501.99,509.54,495.97,503.50,503.50,892500,449373750,sample
NOC,US,2025-08-26,503.04,510.10,497.00,504.05,504.05,901000,454149050,sample
NOC,US,2025-08-27,504.10,510.66,498.05,504.60,504.60,909500,458933700,sample
NOC,US,2025-08-28,505.15,511.21,499.09,505.15,505.15,918000,463727700,sample
NOC,US,2025-08-29,506.21,512.28,499.63,505.70,505.70,926500,468531050,sample
NOC,US,2025-09-01,504.73,512.33,498.67,506.25,506.25,935000,473343750,sample
NOC,US,2025-09-02,505.79,512.88,499.72,506.80,506.80,850000,430780000,sample
NOC,US,2025-09-03,506.84,513.44,500.76,507.35,507.35,858500,435559975,sample
NOC,US,2025-09-04,499.40,505.39,493.41,499.40,499.40,867000,432979800,sample
NOC,US,2025-09-05,500.45,506.46,493.95,499.95,499.95,875500,437706225,sample
NOC,US,2025-09-08,499.00,506.51,493.01,500.50,500.50,884000,442442000,sample
NOC,US,2025-09-09,500.05,507.06,494.05,501.05,501.05,892500,447187125,sample
NOC,US,2025-09-10,501.10,507.62,495.09,501.60,501.60,901000,451941600,sample
NOC,US,2025-09-11,502.15,508.18,496.12,502.15,502.15,909500,456705425,sample
NOC,US,2025-09-12,503.20,509.24,496.67,502.70,502.70,918000,461478600,sample
NOC,US,2025-09-15,501.74,509.29,495.72,503.25,503.25,926500,466261125,sample
NOC,US,2025-09-16,502.79,509.85,496.76,503.80,503.80,935000,471053000,sample
NOC,US,2025-09-17,503.85,510.40,497.80,504.35,504.35,850000,428697500,sample
NOC,US,2025-09-18,504.90,510.96,498.84,504.90,504.90,858500,433456650,sample
NOC,US,2025-09-19,505.96,512.03,499.38,505.45,505.45,867000,438225150,sample
NOC,US,2025-09-22,504.48,512.07,498.43,506.00,506.00,875500,443003000,sample
NOC,US,2025-09-23,505.54,512.63,499.47,506.55,506.55,884000,447790200,sample
NOC,US,2025-09-24,506.59,513.19,500.51,507.10,507.10,892500,452586750,sample
NOC,US,2025-09-25,507.65,513.74,501.56,507.65,507.65,901000,457392650,sample
NOC,US,2025-09-26,508.71,514.81,502.10,508.20,508.20,909500,462207900,sample
NOC,US,2025-09-29,498.75,506.25,492.77,500.25,500.25,918000,459229500,sample
NOC,US,2025-09-30,499.80,506.81,493.80,500.80,500.80,926500,463991200,sample
NOC,US,2025-10-01,500.85,507.37,494.84,501.35,501.35,935000,468762250,sample
NOC,US,2025-10-02,501.90,507.92,495.88,501.90,501.90,850000,426615000,sample
NOC,US,2025-10-03,502.95,508.99,496.42,502.45,502.45,858500,431353325,sample
NOC,US,2025-10-06,501.49,509.04,495.47,503.00,503.00,867000,436101000,sample
NOC,US,2025-10-07,502.54,509.59,496.51,503.55,503.55,875500,440858025,sample
NOC,US,2025-10-08,503.60,510.15,497.56,504.10,504.10,884000,445624400,sample
NOC,US,2025-10-09,504.65,510.71,498.59,504.65,504.65,892500,450400125,sample
NOC,US,2025-10-10,505.71,511.78,499.14,505.20,505.20,901000,455185200,sample
NOC,US,2025-10-13,504.23,511.82,498.18,505.75,505.75,909500,459979625,sample
NOC,US,2025-10-14,505.29,512.38,499.23,506.30,506.30,918000,464783400,sample
NOC,US,2025-10-15,506.34,512.93,500.26,506.85,506.85,926500,469596525,sample
NOC,US,2025-10-16,507.40,513.49,501.31,507.40,507.40,935000,474419000,sample
NOC,US,2025-10-17,508.46,514.56,501.85,507.95,507.95,850000,431757500,sample
NOC,US,2025-10-20,506.97,514.60,500.89,508.50,508.50,858500,436547250,sample
NOC,US,2025-10-21,508.03,515.16,501.93,509.05,509.05,867000,441346350,sample
NOC,US,2025-10-22,500.60,507.11,494.59,501.10,501.10,875500,438713050,sample
NOC,US,2025-10-23,501.65,507.67,495.63,501.65,501.65,884000,443458600,sample
NOC,US,2025-10-24,502.70,508.73,496.17,502.20,502.20,892500,448213500,sample
NOC,US,2025-10-27,501.24,508.78,495.23,502.75,502.75,901000,452977750,sample
NOC,US,2025-10-28,502.29,509.34,496.26,503.30,503.30,909500,457751350,sample
NOC,US,2025-10-29,503.35,509.90,497.31,503.85,503.85,918000,462534300,sample
NOC,US,2025-10-30,504.40,510.45,498.35,504.40,504.40,926500,467326600,sample
NOC,US,2025-10-31,505.45,511.52,498.89,504.95,504.95,935000,472128250,sample
NOC,US,2025-11-03,503.98,511.57,497.93,505.50,505.50,850000,429675000,sample
NOC,US,2025-11-04,505.04,512.12,498.98,506.05,506.05,858500,434443925,sample
NOC,US,2025-11-05,506.09,512.68,500.02,506.60,506.60,867000,439222200,sample
NOC,US,2025-11-06,507.15,513.24,501.06,507.15,507.15,875500,444009825,sample
NOC,US,2025-11-07,508.21,514.31,501.61,507.70,507.70,884000,448806800,sample
NOC,US,2025-11-10,506.73,514.35,500.65,508.25,508.25,892500,453613125,sample
NOC,US,2025-11-11,507.78,514.91,501.69,508.80,508.80,901000,458428800,sample
NOC,US,2025-11-12,508.84,515.46,502.73,509.35,509.35,909500,463253825,sample
NOC,US,2025-11-13,509.90,516.02,503.78,509.90,509.90,918000,468088200,sample
NOC,US,2025-11-14,502.45,508.48,495.93,501.95,501.95,926500,465056675,sample
NOC,US,2025-11-17,500.99,508.53,494.98,502.50,502.50,935000,469837500,sample
NOC,US,2025-11-18,502.04,509.09,496.02,503.05,503.05,850000,427592500,sample
NOC,US,2025-11-19,503.10,509.64,497.06,503.60,503.60,858500,432340600,sample
NOC,US,2025-11-20,504.15,510.20,498.10,504.15,504.15,867000,437098050,sample
NOC,US,2025-11-21,505.20,511.26,498.64,504.70,504.70,875500,441864850,sample
NOC,US,2025-11-24,503.73,511.31,497.69,505.25,505.25,884000,446641000,sample
NOC,US,2025-11-25,504.79,511.87,498.73,505.80,505.80,892500,451426500,sample
NOC,US,2025-11-26,505.84,512.43,499.77,506.35,506.35,901000,456221350,sample
NOC,US,2025-11-27,506.90,512.98,500.82,506.90,506.90,909500,461025550,sample
NOC,US,2025-11-28,507.96,514.06,501.36,507.45,507.45,918000,465839100,sample
NOC,US,2025-12-01,506.48,514.10,500.40,508.00,508.00,926500,470662000,sample
NOC,US,2025-12-02,507.53,514.65,501.44,508.55,508.55,935000,475494250,sample
NOC,US,2025-12-03,508.59,515.21,502.49,509.10,509.10,850000,432735000,sample
NOC,US,2025-12-04,509.65,515.77,503.53,509.65,509.65,858500,437534525,sample
NOC,US,2025-12-05,510.71,516.84,504.08,510.20,510.20,867000,442343400,sample
NOC,US,2025-12-08,509.22,516.88,503.11,510.75,510.75,875500,447161625,sample
NOC,US,2025-12-09,501.79,508.83,495.77,502.80,502.80,884000,444475200,sample
NOC,US,2025-12-10,502.85,509.39,496.82,503.35,503.35,892500,449239875,sample
NOC,US,2025-12-11,503.90,509.95,497.85,503.90,503.90,901000,454013900,sample
NOC,US,2025-12-12,504.95,511.01,498.40,504.45,504.45,909500,458797275,sample
NOC,US,2025-12-15,503.49,511.06,497.45,505.00,505.00,918000,463590000,sample
NOC,US,2025-12-16,504.54,511.62,498.49,505.55,505.55,926500,468392075,sample
NOC,US,2025-12-17,505.59,512.17,499.52,506.10,506.10,935000,473203500,sample
NOC,US,2025-12-18,506.65,512.73,500.57,506.65,506.65,850000,430652500,sample
NOC,US,2025-12-19,507.71,513.80,501.11,507.20,507.20,858500,435431200,sample
NOC,US,2025-12-22,506.23,513.84,500.16,507.75,507.75,867000,440219250,sample
NOC,US,2025-12-23,507.28,514.40,501.19,508.30,508.30,875500,445016650,sample
NOC,US,2025-12-24,508.34,514.96,502.24,508.85,508.85,884000,449823400,sample
NOC,US,2025-12-25,509.40,515.51,503.29,509.40,509.40,892500,454639500,sample
NOC,US,2025-12-26,510.46,516.59,503.83,509.95,509.95,901000,459464950,sample
NOC,US,2025-12-29,508.97,516.63,502.86,510.50,510.50,909500,464299750,sample
NOC,US,2025-12-30,510.03,517.18,503.91,511.05,511.05,918000,469143900,sample
NOC,US,2025-12-31,511.09,517.74,504.96,511.60,511.60,926500,473997400,sample
NOC,US,2026-01-01,503.65,509.69,497.61,503.65,503.65,935000,470912750,sample
NOC,US,2026-01-02,504.70,510.76,498.15,504.20,504.20,850000,428570000,sample
NOC,US,2026-01-05,503.24,510.81,497.20,504.75,504.75,858500,433327875,sample
NOC,US,2026-01-06,504.29,511.36,498.24,505.30,505.30,867000,438095100,sample
NOC,US,2026-01-07,505.34,511.92,499.28,505.85,505.85,875500,442871675,sample
NOC,US,2026-01-08,506.40,512.48,500.32,506.40,506.40,884000,447657600,sample
NOC,US,2026-01-09,507.46,513.55,500.87,506.95,506.95,892500,452452875,sample
NOC,US,2026-01-12,505.98,513.59,499.91,507.50,507.50,901000,457257500,sample
NOC,US,2026-01-13,507.03,514.15,500.95,508.05,508.05,909500,462071475,sample
NOC,US,2026-01-14,508.09,514.70,501.99,508.60,508.60,918000,466894800,sample
NOC,US,2026-01-15,509.15,515.26,503.04,509.15,509.15,926500,471727475,sample
NOC,US,2026-01-16,510.21,516.33,503.58,509.70,509.70,935000,476569500,sample
NOC,US,2026-01-19,508.72,516.37,502.62,510.25,510.25,850000,433712500,sample
NOC,US,2026-01-20,509.78,516.93,503.66,510.80,510.80,858500,438521800,sample
NOC,US,2026-01-21,510.84,517.49,504.71,511.35,511.35,867000,443340450,sample
NOC,US,2026-01-22,511.90,518.04,505.76,511.90,511.90,875500,448168450,sample
NOC,US,2026-01-23,512.96,519.12,506.30,512.45,512.45,884000,453005800,sample
NOC,US,2026-01-26,502.99,510.55,496.95,504.50,504.50,892500,450266250,sample
NOC,US,2026-01-27,504.04,511.11,497.99,505.05,505.05,901000,455050050,sample
NOC,US,2026-01-28,505.09,511.67,499.03,505.60,505.60,909500,459843200,sample
NOC,US,2026-01-29,506.15,512.22,500.08,506.15,506.15,918000,464645700,sample
NOC,US,2026-01-30,507.21,513.30,500.62,506.70,506.70,926500,469457550,sample
NOC,US,2026-02-02,505.73,513.34,499.66,507.25,507.25,935000,474278750,sample
NOC,US,2026-02-03,506.78,513.89,500.70,507.80,507.80,850000,431630000,sample
NOC,US,2026-02-04,507.84,514.45,501.75,508.35,508.35,858500,436418475,sample
NOC,US,2026-02-05,508.90,515.01,502.79,508.90,508.90,867000,441216300,sample
NOC,US,2026-02-06,509.96,516.08,503.34,509.45,509.45,875500,446023475,sample
NOC,US,2026-02-09,508.47,516.12,502.37,510.00,510.00,884000,450840000,sample
NOC,US,2026-02-10,509.53,516.68,503.42,510.55,510.55,892500,455665875,sample
NOC,US,2026-02-11,510.59,517.23,504.46,511.10,511.10,901000,460501100,sample
NOC,US,2026-02-12,511.65,517.79,505.51,511.65,511.65,909500,465345675,sample
NOC,US,2026-02-13,512.71,518.86,506.05,512.20,512.20,918000,470199600,sample
NOC,US,2026-02-16,511.21,518.90,505.08,512.75,512.75,926500,475062875,sample
NOC,US,2026-02-17,512.27,519.46,506.12,513.30,513.30,935000,479935500,sample
NOC,US,2026-02-18,504.84,511.41,498.78,505.35,505.35,850000,429547500,sample
NOC,US,2026-02-19,505.90,511.97,499.83,505.90,505.90,858500,434315150,sample
NOC,US,2026-02-20,506.96,513.04,500.37,506.45,506.45,867000,439092150,sample
NOC,US,2026-02-23,505.48,513.08,499.41,507.00,507.00,875500,443878500,sample
NOC,US,2026-02-24,506.53,513.64,500.45,507.55,507.55,884000,448674200,sample
NOC,US,2026-02-25,507.59,514.20,501.50,508.10,508.10,892500,453479250,sample
NOC,US,2026-02-26,508.65,514.75,502.55,508.65,508.65,901000,458293650,sample
NOC,US,2026-02-27,509.71,515.83,503.09,509.20,509.20,909500,463117400,sample
NOC,US,2026-03-02,508.22,515.87,502.12,509.75,509.75,918000,467950500,sample
NOC,US,2026-03-03,509.28,516.42,503.17,510.30,510.30,926500,472792950,sample
NOC,US,2026-03-04,510.34,516.98,504.22,510.85,510.85,935000,477644750,sample
NOC,US,2026-03-05,511.40,517.54,505.26,511.40,511.40,850000,434690000,sample
NOC,US,2026-03-06,512.46,518.61,505.81,511.95,511.95,858500,439509075,sample
NOC,US,2026-03-09,510.96,518.65,504.83,512.50,512.50,867000,444337500,sample
NOC,US,2026-03-10,512.02,519.21,505.88,513.05,513.05,875500,449175275,sample
NOC,US,2026-03-11,513.09,519.76,506.93,513.60,513.60,884000,454022400,sample
NOC,US,2026-03-12,514.15,520.32,507.98,514.15,514.15,892500,458878875,sample
NOC,US,2026-03-13,506.71,512.79,500.13,506.20,506.20,901000,456086200,sample
NOC,US,2026-03-16,505.23,512.83,499.17,506.75,506.75,909500,460889125,sample
NOC,US,2026-03-17,506.29,513.39,500.21,507.30,507.30,918000,465701400,sample
NOC,US,2026-03-18,507.34,513.94,501.25,507.85,507.85,926500,470523025,sample
NOC,US,2026-03-19,508.40,514.50,502.30,508.40,508.40,935000,475354000,sample
NOC,US,2026-03-20,509.46,515.57,502.84,508.95,508.95,850000,432607500,sample
NOC,US,2026-03-23,507.97,515.61,501.87,509.50,509.50,858500,437405750,sample
NOC,US,2026-03-24,509.03,516.17,502.92,510.05,510.05,867000,442213350,sample
NOC,US,2026-03-25,510.09,516.73,503.97,510.60,510.60,875500,447030300,sample
NOC,US,2026-03-26,511.15,517.28,505.02,511.15,511.15,884000,451856600,sample
NOC,US,2026-03-27,512.21,518.36,505.56,511.70,511.70,892500,456692250,sample
NOC,US,2026-03-30,510.71,518.40,504.58,512.25,512.25,901000,461537250,sample
NOC,US,2026-03-31,511.77,518.95,505.63,512.80,512.80,909500,466391600,sample
NOC,US,2026-04-01,512.84,519.51,506.69,513.35,513.35,918000,471255300,sample
NOC,US,2026-04-02,513.90,520.07,507.73,513.90,513.90,926500,476128350,sample
NOC,US,2026-04-03,514.96,521.14,508.28,514.45,514.45,935000,481010750,sample
NOC,US,2026-04-06,513.46,521.18,507.30,515.00,515.00,850000,437750000,sample
NOC,US,2026-04-07,506.04,513.13,499.97,507.05,507.05,858500,435302425,sample
NOC,US,2026-04-08,507.09,513.69,501.00,507.60,507.60,867000,440089200,sample
NOC,US,2026-04-09,508.15,514.25,502.05,508.15,508.15,875500,444885325,sample
NOC,US,2026-04-10,509.21,515.32,502.60,508.70,508.70,884000,449690800,sample
NOC,US,2026-04-13,507.72,515.36,501.63,509.25,509.25,892500,454505625,sample
NOC,US,2026-04-14,508.78,515.92,502.67,509.80,509.80,901000,459329800,sample
NOC,US,2026-04-15,509.84,516.47,503.72,510.35,510.35,909500,464163325,sample
NOC,US,2026-04-16,510.90,517.03,504.77,510.90,510.90,918000,469006200,sample
NOC,US,2026-04-17,511.96,518.10,505.31,511.45,511.45,926500,473858425,sample
NOC,US,2026-04-20,510.46,518.14,504.33,512.00,512.00,935000,478720000,sample
NOC,US,2026-04-21,511.52,518.70,505.38,512.55,512.55,850000,435667500,sample
NOC,US,2026-04-22,512.59,519.26,506.44,513.10,513.10,858500,440496350,sample
NOC,US,2026-04-23,513.65,519.81,507.49,513.65,513.65,867000,445334550,sample
NOC,US,2026-04-24,514.71,520.89,508.03,514.20,514.20,875500,450182100,sample
NOC,US,2026-04-27,513.21,520.93,507.05,514.75,514.75,884000,455039000,sample
NOC,US,2026-04-28,514.27,521.48,508.10,515.30,515.30,892500,459905250,sample
NOC,US,2026-04-29,515.33,522.04,509.15,515.85,515.85,901000,464780850,sample
NOC,US,2026-04-30,507.90,513.99,501.81,507.90,507.90,909500,461935050,sample
NOC,US,2026-05-01,508.96,515.07,502.35,508.45,508.45,918000,466757100,sample
NOC,US,2026-05-04,507.47,515.11,501.38,509.00,509.00,926500,471588500,sample
NOC,US,2026-05-05,508.53,515.66,502.43,509.55,509.55,935000,476429250,sample
NOC,US,2026-05-06,509.59,516.22,503.47,510.10,510.10,850000,433585000,sample
NOC,US,2026-05-07,510.65,516.78,504.52,510.65,510.65,858500,438393025,sample
NOC,US,2026-05-08,511.71,517.85,505.07,511.20,511.20,867000,443210400,sample
NOC,US,2026-05-11,510.21,517.89,504.09,511.75,511.75,875500,448037125,sample
NOC,US,2026-05-12,511.28,518.45,505.14,512.30,512.30,884000,452873200,sample
NOC,US,2026-05-13,512.34,519.00,506.19,512.85,512.85,892500,457718625,sample
NOC,US,2026-05-14,513.40,519.56,507.24,513.40,513.40,901000,462573400,sample
NOC,US,2026-05-15,514.46,520.63,507.78,513.95,513.95,909500,467437525,sample
NOC,US,2026-05-18,512.96,520.67,506.80,514.50,514.50,918000,472311000,sample
NOC,US,2026-05-19,514.02,521.23,507.85,515.05,515.05,926500,477193825,sample
NOC,US,2026-05-20,515.08,521.79,508.90,515.60,515.60,935000,482086000,sample
NOC,US,2026-05-21,516.15,522.34,509.96,516.15,516.15,850000,438727500,sample
NOC,US,2026-05-22,517.22,523.43,510.50,516.70,516.70,858500,443586950,sample
NOC,US,2026-05-25,507.22,514.86,501.13,508.75,508.75,867000,441086250,sample
NOC,US,2026-05-26,508.28,515.41,502.18,509.30,509.30,875500,445892150,sample
NOC,US,2026-05-27,509.34,515.97,503.23,509.85,509.85,884000,450707400,sample
NOC,US,2026-05-28,510.40,516.52,504.28,510.40,510.40,892500,455532000,sample
NOC,US,2026-05-29,511.46,517.60,504.82,510.95,510.95,901000,460365950,sample
BA,US,2025-06-02,182.97,185.72,180.77,183.52,183.52,6200000,1137824000,sample
BA,US,2025-06-03,183.35,185.92,181.15,183.72,183.72,6262000,1150454640,sample
BA,US,2025-06-04,183.75,186.14,181.55,183.93,183.93,6324000,1163173320,sample
BA,US,2025-06-05,184.13,186.34,181.92,184.13,184.13,6386000,1175854180,sample
BA,US,2025-06-06,184.51,186.72,182.12,184.33,184.33,6448000,1188559840,sample
BA,US,2025-06-09,183.99,186.75,181.78,184.54,184.54,6510000,1201355400,sample
BA,US,2025-06-10,184.37,186.96,182.16,184.74,184.74,6572000,1214111280,sample
BA,US,2025-06-11,184.76,187.16,182.54,184.94,184.94,6634000,1226891960,sample
BA,US,2025-06-12,185.15,187.37,182.93,185.15,185.15,6696000,1239764400,sample
BA,US,2025-06-13,185.54,187.77,183.13,185.35,185.35,6758000,1252595300,sample
BA,US,2025-06-16,185.00,187.79,182.78,185.56,185.56,6820000,1265519200,sample
BA,US,2025-06-17,185.39,187.99,183.17,185.76,185.76,6200000,1151712000,sample
BA,US,2025-06-18,185.77,188.19,183.54,185.96,185.96,6262000,1164481520,sample
BA,US,2025-06-19,186.17,188.40,183.94,186.17,186.17,6324000,1177339080,sample
BA,US,2025-06-20,186.56,188.80,184.13,186.37,186.37,6386000,1190158820,sample
BA,US,2025-06-23,186.01,188.81,183.78,186.57,186.57,6448000,1203003360,sample
BA,US,2025-06-24,186.41,189.02,184.17,186.78,186.78,6510000,1215937800,sample
BA,US,2025-06-25,183.65,186.04,181.45,183.83,183.83,6572000,1208130760,sample
BA,US,2025-06-26,184.04,186.25,181.83,184.04,184.04,6634000,1220921360,sample
BA,US,2025-06-27,184.42,186.63,182.03,184.24,184.24,6696000,1233671040,sample
BA,US,2025-06-30,183.90,186.66,181.69,184.45,184.45,6758000,1246513100,sample
BA,US,2025-07-01,184.28,186.87,182.07,184.65,184.65,6820000,1259313000,sample
BA,US,2025-07-02,184.67,187.07,182.45,184.85,184.85,6200000,1146070000,sample
BA,US,2025-07-03,185.06,187.28,182.84,185.06,185.06,6262000,1158845720,sample
BA,US,2025-07-04,185.45,187.68,183.04,185.26,185.26,6324000,1171584240,sample
BA,US,2025-07-07,184.90,187.69,182.68,185.46,185.46,6386000,1184347560,sample
BA,US,2025-07-08,185.30,187.90,183.08,185.67,185.67,6448000,1197200160,sample
BA,US,2025-07-09,185.68,188.10,183.45,185.87,185.87,6510000,1210013700,sample
BA,US,2025-07-10,186.07,188.30,183.84,186.07,186.07,6572000,1222852040,sample
BA,US,2025-07-11,186.47,188.71,184.04,186.28,186.28,6634000,1235781520,sample
BA,US,2025-07-14,185.92,188.72,183.69,186.48,186.48,6696000,1248670080,sample
BA,US,2025-07-15,186.31,188.92,184.07,186.68,186.68,6758000,1261583440,sample
BA,US,2025-07-16,186.70,189.13,184.46,186.89,186.89,6820000,1274589800,sample
BA,US,2025-07-17,187.09,189.34,184.84,187.09,187.09,6200000,1159958000,sample
BA,US,2025-07-18,184.33,186.54,181.94,184.15,184.15,6262000,1153147300,sample
BA,US,2025-07-21,183.80,186.56,181.59,184.35,184.35,6324000,1165829400,sample
BA,US,2025-07-22,184.19,186.77,181.98,184.56,184.56,6386000,1178600160,sample
BA,US,2025-07-23,184.58,186.98,182.37,184.76,184.76,6448000,1191332480,sample
BA,US,2025-07-24,184.96,187.18,182.74,184.96,184.96,6510000,1204089600,sample
BA,US,2025-07-25,185.36,187.58,182.95,185.17,185.17,6572000,1216937240,sample
BA,US,2025-07-28,184.81,187.59,182.59,185.37,185.37,6634000,1229744580,sample
BA,US,2025-07-29,185.20,187.80,182.98,185.57,185.57,6696000,1242576720,sample
BA,US,2025-07-30,185.59,188.01,183.36,185.78,185.78,6758000,1255501240,sample
BA,US,2025-07-31,185.98,188.21,183.75,185.98,185.98,6820000,1268383600,sample
BA,US,2025-08-01,186.37,188.61,183.95,186.18,186.18,6200000,1154316000,sample
BA,US,2025-08-04,185.83,188.63,183.60,186.39,186.39,6262000,1167174180,sample
BA,US,2025-08-05,186.22,188.83,183.99,186.59,186.59,6324000,1179995160,sample
BA,US,2025-08-06,186.60,189.03,184.36,186.79,186.79,6386000,1192840940,sample
BA,US,2025-08-07,187.00,189.24,184.76,187.00,187.00,6448000,1205776000,sample
BA,US,2025-08-08,187.39,189.64,184.95,187.20,187.20,6510000,1218672000,sample
BA,US,2025-08-11,186.85,189.66,184.61,187.41,187.41,6572000,1231658520,sample
BA,US,2025-08-12,184.09,186.67,181.88,184.46,184.46,6634000,1223707640,sample
BA,US,2025-08-13,184.49,186.89,182.28,184.67,184.67,6696000,1236550320,sample
BA,US,2025-08-14,184.87,187.09,182.65,184.87,184.87,6758000,1249351460,sample
BA,US,2025-08-15,185.26,187.48,182.85,185.07,185.07,6820000,1262177400,sample
BA,US,2025-08-18,184.72,187.50,182.50,185.28,185.28,6200000,1148736000,sample
BA,US,2025-08-19,185.11,187.71,182.89,185.48,185.48,6262000,1161475760,sample
BA,US,2025-08-20,185.49,187.91,183.26,185.68,185.68,6324000,1174240320,sample
BA,US,2025-08-21,185.89,188.12,183.66,185.89,185.89,6386000,1187093540,sample
BA,US,2025-08-22,186.28,188.52,183.86,186.09,186.09,6448000,1199908320,sample
BA,US,2025-08-25,185.74,188.54,183.51,186.30,186.30,6510000,1212813000,sample
BA,US,2025-08-26,186.13,188.74,183.90,186.50,186.50,6572000,1225678000,sample
BA,US,2025-08-27,186.51,188.94,184.27,186.70,186.70,6634000,1238567800,sample
BA,US,2025-08-28,186.91,189.15,184.67,186.91,186.91,6696000,1251549360,sample
BA,US,2025-08-29,187.30,189.55,184.86,187.11,187.11,6758000,1264489380,sample
BA,US,2025-09-01,186.75,189.56,184.51,187.31,187.31,6820000,1277454200,sample
BA,US,2025-09-02,187.14,189.77,184.89,187.52,187.52,6200000,1162624000,sample
BA,US,2025-09-03,187.53,189.97,185.28,187.72,187.72,6262000,1175502640,sample
BA,US,2025-09-04,184.78,187.00,182.56,184.78,184.78,6324000,1168548720,sample
BA,US,2025-09-05,185.16,187.38,182.76,184.98,184.98,6386000,1181282280,sample
BA,US,2025-09-08,184.63,187.41,182.41,185.19,185.19,6448000,1194105120,sample
BA,US,2025-09-09,185.02,187.61,182.80,185.39,185.39,6510000,1206888900,sample
BA,US,2025-09-10,185.40,187.82,183.18,185.59,185.59,6572000,1219697480,sample
BA,US,2025-09-11,185.80,188.03,183.57,185.80,185.80,6634000,1232597200,sample
BA,US,2025-09-12,186.19,188.42,183.77,186.00,186.00,6696000,1245456000,sample
BA,US,2025-09-15,185.64,188.43,183.41,186.20,186.20,6758000,1258339600,sample
BA,US,2025-09-16,186.04,188.65,183.81,186.41,186.41,6820000,1271316200,sample
BA,US,2025-09-17,186.42,188.85,184.18,186.61,186.61,6200000,1156982000,sample
BA,US,2025-09-18,186.81,189.05,184.57,186.81,186.81,6262000,1169804220,sample
BA,US,2025-09-19,187.21,189.46,184.78,187.02,187.02,6324000,1182714480,sample
BA,US,2025-09-22,186.66,189.47,184.42,187.22,187.22,6386000,1195586920,sample
BA,US,2025-09-23,187.05,189.67,184.81,187.42,187.42,6448000,1208484160,sample
BA,US,2025-09-24,187.44,189.88,185.19,187.63,187.63,6510000,1221471300,sample
BA,US,2025-09-25,187.83,190.08,185.58,187.83,187.83,6572000,1234418760,sample
BA,US,2025-09-26,188.22,190.48,185.77,188.03,188.03,6634000,1247391020,sample
BA,US,2025-09-29,184.53,187.31,182.32,185.09,185.09,6696000,1239362640,sample
BA,US,2025-09-30,184.93,187.52,182.71,185.30,185.30,6758000,1252257400,sample
BA,US,2025-10-01,185.31,187.73,183.09,185.50,185.50,6820000,1265110000,sample
BA,US,2025-10-02,185.70,187.93,183.47,185.70,185.70,6200000,1151340000,sample
BA,US,2025-10-03,186.10,188.33,183.68,185.91,185.91,6262000,1164168420,sample
BA,US,2025-10-06,185.55,188.34,183.32,186.11,186.11,6324000,1176959640,sample
BA,US,2025-10-07,185.94,188.55,183.71,186.31,186.31,6386000,1189775660,sample
BA,US,2025-10-08,186.33,188.76,184.09,186.52,186.52,6448000,1202680960,sample
BA,US,2025-10-09,186.72,188.96,184.48,186.72,186.72,6510000,1215547200,sample
BA,US,2025-10-10,187.11,189.36,184.68,186.92,186.92,6572000,1228438240,sample
BA,US,2025-10-13,186.57,189.38,184.33,187.13,187.13,6634000,1241420420,sample
BA,US,2025-10-14,186.96,189.58,184.72,187.33,187.33,6696000,1254361680,sample
BA,US,2025-10-15,187.34,189.78,185.09,187.53,187.53,6758000,1267327740,sample
BA,US,2025-10-16,187.74,189.99,185.49,187.74,187.74,6820000,1280386800,sample
BA,US,2025-10-17,188.13,190.39,185.68,187.94,187.94,6200000,1165228000,sample
BA,US,2025-10-20,187.59,190.41,185.34,188.15,188.15,6262000,1178195300,sample
BA,US,2025-10-21,187.97,190.61,185.71,188.35,188.35,6324000,1191125400,sample
BA,US,2025-10-22,185.22,187.63,183.00,185.41,185.41,6386000,1184028260,sample
BA,US,2025-10-23,185.61,187.84,183.38,185.61,185.61,6448000,1196813280,sample
BA,US,2025-10-24,186.00,188.23,183.58,185.81,185.81,6510000,1209623100,sample
BA,US,2025-10-27,185.46,188.25,183.23,186.02,186.02,6572000,1222523440,sample
BA,US,2025-10-28,185.85,188.45,183.62,186.22,186.22,6634000,1235383480,sample
BA,US,2025-10-29,186.23,188.66,184.00,186.42,186.42,6696000,1248268320,sample
BA,US,2025-10-30,186.63,188.87,184.39,186.63,186.63,6758000,1261245540,sample
BA,US,2025-10-31,187.02,189.26,184.59,186.83,186.83,6820000,1274180600,sample
BA,US,2025-11-03,186.48,189.28,184.24,187.04,187.04,6200000,1159648000,sample
BA,US,2025-11-04,186.87,189.49,184.63,187.24,187.24,6262000,1172496880,sample
BA,US,2025-11-05,187.25,189.69,185.00,187.44,187.44,6324000,1185370560,sample
BA,US,2025-11-06,187.65,189.90,185.40,187.65,187.65,6386000,1198332900,sample
BA,US,2025-11-07,188.04,190.30,185.60,187.85,187.85,6448000,1211256800,sample
BA,US,2025-11-10,187.49,190.31,185.24,188.05,188.05,6510000,1224205500,sample
BA,US,2025-11-11,187.88,190.52,185.63,188.26,188.26,6572000,1237244720,sample
BA,US,2025-11-12,188.27,190.72,186.01,188.46,188.46,6634000,1250243640,sample
BA,US,2025-11-13,188.66,190.92,186.40,188.66,188.66,6696000,1263267360,sample
BA,US,2025-11-14,185.91,188.14,183.49,185.72,185.72,6758000,1255095760,sample
BA,US,2025-11-17,185.37,188.16,183.15,185.93,185.93,6820000,1268042600,sample
BA,US,2025-11-18,185.76,188.36,183.53,186.13,186.13,6200000,1154006000,sample
BA,US,2025-11-19,186.14,188.57,183.91,186.33,186.33,6262000,1166798460,sample
BA,US,2025-11-20,186.54,188.78,184.30,186.54,186.54,6324000,1179678960,sample
BA,US,2025-11-21,186.93,189.17,184.50,186.74,186.74,6386000,1192521640,sample
BA,US,2025-11-24,186.38,189.18,184.14,186.94,186.94,6448000,1205389120,sample
BA,US,2025-11-25,186.78,189.40,184.54,187.15,187.15,6510000,1218346500,sample
BA,US,2025-11-26,187.16,189.60,184.91,187.35,187.35,6572000,1231264200,sample
BA,US,2025-11-27,187.55,189.80,185.30,187.55,187.55,6634000,1244206700,sample
BA,US,2025-11-28,187.95,190.21,185.51,187.76,187.76,6696000,1257240960,sample
BA,US,2025-12-01,187.40,190.22,185.15,187.96,187.96,6758000,1270233680,sample
BA,US,2025-12-02,187.78,190.42,185.53,188.16,188.16,6820000,1283251200,sample
BA,US,2025-12-03,188.18,190.63,185.92,188.37,188.37,6200000,1167894000,sample
BA,US,2025-12-04,188.57,190.83,186.31,188.57,188.57,6262000,1180825340,sample
BA,US,2025-12-05,188.96,191.23,186.50,188.77,188.77,6324000,1193781480,sample
BA,US,2025-12-08,188.41,191.25,186.15,188.98,188.98,6386000,1206826280,sample
BA,US,2025-12-09,185.67,188.27,183.44,186.04,186.04,6448000,1199585920,sample
BA,US,2025-12-10,186.05,188.47,183.82,186.24,186.24,6510000,1212422400,sample
BA,US,2025-12-11,186.44,188.68,184.20,186.44,186.44,6572000,1225283680,sample
BA,US,2025-12-12,186.84,189.08,184.41,186.65,186.65,6634000,1238236100,sample
BA,US,2025-12-15,186.29,189.09,184.05,186.85,186.85,6696000,1251147600,sample
BA,US,2025-12-16,186.68,189.29,184.44,187.05,187.05,6758000,1264083900,sample
BA,US,2025-12-17,187.07,189.51,184.83,187.26,187.26,6820000,1277113200,sample
BA,US,2025-12-18,187.46,189.71,185.21,187.46,187.46,6200000,1162252000,sample
BA,US,2025-12-19,187.85,190.10,185.41,187.66,187.66,6262000,1175126920,sample
BA,US,2025-12-22,187.31,190.12,185.06,187.87,187.87,6324000,1188089880,sample
BA,US,2025-12-23,187.69,190.33,185.44,188.07,188.07,6386000,1201015020,sample
BA,US,2025-12-24,188.08,190.53,185.82,188.27,188.27,6448000,1213964960,sample
BA,US,2025-12-25,188.48,190.74,186.22,188.48,188.48,6510000,1227004800,sample
BA,US,2025-12-26,188.87,191.14,186.42,188.68,188.68,6572000,1240004960,sample
BA,US,2025-12-29,188.32,191.16,186.06,188.89,188.89,6634000,1253096260,sample
BA,US,2025-12-30,188.71,191.36,186.45,189.09,189.09,6696000,1266146640,sample
BA,US,2025-12-31,189.10,191.56,186.83,189.29,189.29,6758000,1279221820,sample
BA,US,2026-01-01,186.35,188.59,184.11,186.35,186.35,6820000,1270907000,sample
BA,US,2026-01-02,186.74,188.98,184.31,186.55,186.55,6200000,1156610000,sample
BA,US,2026-01-05,186.20,189.00,183.97,186.76,186.76,6262000,1169491120,sample
BA,US,2026-01-06,186.59,189.20,184.35,186.96,186.96,6324000,1182335040,sample
BA,US,2026-01-07,186.97,189.41,184.73,187.16,187.16,6386000,1195203760,sample
BA,US,2026-01-08,187.37,189.62,185.12,187.37,187.37,6448000,1208161760,sample
BA,US,2026-01-09,187.76,190.01,185.32,187.57,187.57,6510000,1221080700,sample
BA,US,2026-01-12,187.22,190.03,184.97,187.78,187.78,6572000,1234090160,sample
BA,US,2026-01-13,187.60,190.24,185.35,187.98,187.98,6634000,1247059320,sample
BA,US,2026-01-14,187.99,190.44,185.73,188.18,188.18,6696000,1260053280,sample
BA,US,2026-01-15,188.39,190.65,186.13,188.39,188.39,6758000,1273139620,sample
BA,US,2026-01-16,188.78,191.05,186.33,188.59,188.59,6820000,1286183800,sample
BA,US,2026-01-19,188.22,191.06,185.96,188.79,188.79,6200000,1170498000,sample
BA,US,2026-01-20,188.62,191.27,186.36,189.00,189.00,6262000,1183518000,sample
BA,US,2026-01-21,189.01,191.47,186.74,189.20,189.20,6324000,1196500800,sample
BA,US,2026-01-22,189.40,191.67,187.13,189.40,189.40,6386000,1209508400,sample
BA,US,2026-01-23,189.80,192.08,187.33,189.61,189.61,6448000,1222605280,sample
BA,US,2026-01-26,186.11,188.91,183.88,186.67,186.67,6510000,1215221700,sample
BA,US,2026-01-27,186.50,189.11,184.26,186.87,186.87,6572000,1228109640,sample
BA,US,2026-01-28,186.88,189.31,184.64,187.07,187.07,6634000,1241022380,sample
BA,US,2026-01-29,187.28,189.53,185.03,187.28,187.28,6696000,1254026880,sample
BA,US,2026-01-30,187.67,189.92,185.23,187.48,187.48,6758000,1266989840,sample
BA,US,2026-02-02,187.12,189.93,184.87,187.68,187.68,6820000,1279977600,sample
BA,US,2026-02-03,187.51,190.14,185.26,187.89,187.89,6200000,1164918000,sample
BA,US,2026-02-04,187.90,190.35,185.65,188.09,188.09,6262000,1177819580,sample
BA,US,2026-02-05,188.29,190.55,186.03,188.29,188.29,6324000,1190745960,sample
BA,US,2026-02-06,188.69,190.95,186.24,188.50,188.50,6386000,1203761000,sample
BA,US,2026-02-09,188.13,190.96,185.87,188.70,188.70,6448000,1216737600,sample
BA,US,2026-02-10,188.52,191.17,186.26,188.90,188.90,6510000,1229739000,sample
BA,US,2026-02-11,188.92,191.38,186.65,189.11,189.11,6572000,1242830920,sample
BA,US,2026-02-12,189.31,191.58,187.04,189.31,189.31,6634000,1255882540,sample
BA,US,2026-02-13,189.70,191.98,187.24,189.51,189.51,6696000,1268958960,sample
BA,US,2026-02-16,189.15,192.00,186.88,189.72,189.72,6758000,1282127760,sample
BA,US,2026-02-17,189.54,192.20,187.27,189.92,189.92,6820000,1295254400,sample
BA,US,2026-02-18,186.79,189.22,184.55,186.98,186.98,6200000,1159276000,sample
BA,US,2026-02-19,187.18,189.43,184.93,187.18,187.18,6262000,1172121160,sample
BA,US,2026-02-20,187.58,189.83,185.14,187.39,187.39,6324000,1185054360,sample
BA,US,2026-02-23,187.03,189.84,184.79,187.59,187.59,6386000,1197949740,sample
BA,US,2026-02-24,187.41,190.04,185.16,187.79,187.79,6448000,1210869920,sample
BA,US,2026-02-25,187.81,190.26,185.56,188.00,188.00,6510000,1223880000,sample
BA,US,2026-02-26,188.20,190.46,185.94,188.20,188.20,6572000,1236850400,sample
BA,US,2026-02-27,188.59,190.85,186.14,188.40,188.40,6634000,1249845600,sample
BA,US,2026-03-02,188.04,190.87,185.78,188.61,188.61,6696000,1262932560,sample
BA,US,2026-03-03,188.43,191.08,186.17,188.81,188.81,6758000,1275977980,sample
BA,US,2026-03-04,188.82,191.28,186.55,189.01,189.01,6820000,1289048200,sample
BA,US,2026-03-05,189.22,191.49,186.95,189.22,189.22,6200000,1173164000,sample
BA,US,2026-03-06,189.61,191.89,187.15,189.42,189.42,6262000,1186148040,sample
BA,US,2026-03-09,189.06,191.91,186.79,189.63,189.63,6324000,1199220120,sample
BA,US,2026-03-10,189.45,192.11,187.18,189.83,189.83,6386000,1212254380,sample
BA,US,2026-03-11,189.84,192.31,187.56,190.03,190.03,6448000,1225313440,sample
BA,US,2026-03-12,190.24,192.52,187.96,190.24,190.24,6510000,1238462400,sample
BA,US,2026-03-13,187.48,189.73,185.04,187.29,187.29,6572000,1230869880,sample
BA,US,2026-03-16,186.94,189.75,184.70,187.50,187.50,6634000,1243875000,sample
BA,US,2026-03-17,187.32,189.95,185.07,187.70,187.70,6696000,1256839200,sample
BA,US,2026-03-18,187.71,190.15,185.46,187.90,187.90,6758000,1269828200,sample
BA,US,2026-03-19,188.11,190.37,185.85,188.11,188.11,6820000,1282910200,sample
BA,US,2026-03-20,188.50,190.76,186.05,188.31,188.31,6200000,1167522000,sample
BA,US,2026-03-23,187.95,190.78,185.69,188.52,188.52,6262000,1180512240,sample
BA,US,2026-03-24,188.34,190.98,186.08,188.72,188.72,6324000,1193465280,sample
BA,US,2026-03-25,188.73,191.19,186.47,188.92,188.92,6386000,1206443120,sample
BA,US,2026-03-26,189.13,191.40,186.86,189.13,189.13,6448000,1219510240,sample
BA,US,2026-03-27,189.52,191.79,187.06,189.33,189.33,6510000,1232538300,sample
BA,US,2026-03-30,188.96,191.80,186.69,189.53,189.53,6572000,1245591160,sample
BA,US,2026-03-31,189.36,192.02,187.09,189.74,189.74,6634000,1258735160,sample
BA,US,2026-04-01,189.75,192.22,187.47,189.94,189.94,6696000,1271838240,sample
BA,US,2026-04-02,190.14,192.42,187.86,190.14,190.14,6758000,1284966120,sample
BA,US,2026-04-03,190.54,192.83,188.07,190.35,190.35,6820000,1298187000,sample
BA,US,2026-04-06,189.98,192.84,187.70,190.55,190.55,6200000,1181410000,sample
BA,US,2026-04-07,187.23,189.86,184.98,187.61,187.61,6262000,1174813820,sample
BA,US,2026-04-08,187.62,190.06,185.37,187.81,187.81,6324000,1187710440,sample
BA,US,2026-04-09,188.02,190.28,185.76,188.02,188.02,6386000,1200695720,sample
BA,US,2026-04-10,188.41,190.67,185.96,188.22,188.22,6448000,1213642560,sample
BA,US,2026-04-13,187.85,190.68,185.60,188.42,188.42,6510000,1226614200,sample
BA,US,2026-04-14,188.25,190.89,185.99,188.63,188.63,6572000,1239676360,sample
BA,US,2026-04-15,188.64,191.10,186.38,188.83,188.83,6634000,1252698220,sample
BA,US,2026-04-16,189.03,191.30,186.76,189.03,189.03,6696000,1265744880,sample
BA,US,2026-04-17,189.43,191.70,186.97,189.24,189.24,6758000,1278883920,sample
BA,US,2026-04-20,188.87,191.71,186.60,189.44,189.44,6820000,1291980800,sample
BA,US,2026-04-21,189.26,191.92,186.99,189.64,189.64,6200000,1175768000,sample
BA,US,2026-04-22,189.66,192.13,187.38,189.85,189.85,6262000,1188840700,sample
BA,US,2026-04-23,190.05,192.33,187.77,190.05,190.05,6324000,1201876200,sample
BA,US,2026-04-24,190.44,192.73,187.97,190.25,190.25,6386000,1214936500,sample
BA,US,2026-04-27,189.89,192.75,187.61,190.46,190.46,6448000,1228086080,sample
BA,US,2026-04-28,190.28,192.95,188.00,190.66,190.66,6510000,1241196600,sample
BA,US,2026-04-29,190.67,193.15,188.38,190.86,190.86,6572000,1254331920,sample
BA,US,2026-04-30,187.92,190.18,185.66,187.92,187.92,6634000,1246661280,sample
BA,US,2026-05-01,188.32,190.58,185.87,188.13,188.13,6696000,1259718480,sample
BA,US,2026-05-04,187.77,190.59,185.52,188.33,188.33,6758000,1272734140,sample
BA,US,2026-05-05,188.15,190.79,185.89,188.53,188.53,6820000,1285774600,sample
BA,US,2026-05-06,188.55,191.00,186.29,188.74,188.74,6200000,1170188000,sample
BA,US,2026-05-07,188.94,191.21,186.67,188.94,188.94,6262000,1183142280,sample
BA,US,2026-05-08,189.33,191.60,186.87,189.14,189.14,6324000,1196121360,sample
BA,US,2026-05-11,188.78,191.62,186.51,189.35,189.35,6386000,1209189100,sample
BA,US,2026-05-12,189.17,191.82,186.90,189.55,189.55,6448000,1222218400,sample
BA,US,2026-05-13,189.56,192.03,187.29,189.75,189.75,6510000,1235272500,sample
BA,US,2026-05-14,189.96,192.24,187.68,189.96,189.96,6572000,1248417120,sample
BA,US,2026-05-15,190.35,192.63,187.88,190.16,190.16,6634000,1261521440,sample
BA,US,2026-05-18,189.80,192.65,187.52,190.37,190.37,6696000,1274717520,sample
BA,US,2026-05-19,190.19,192.86,187.91,190.57,190.57,6758000,1287872060,sample
BA,US,2026-05-20,190.58,193.06,188.29,190.77,190.77,6820000,1301051400,sample
BA,US,2026-05-21,190.98,193.27,188.69,190.98,190.98,6200000,1184076000,sample
BA,US,2026-05-22,191.37,193.67,188.89,191.18,191.18,6262000,1197169160,sample
BA,US,2026-05-25,187.68,190.50,185.43,188.24,188.24,6324000,1190429760,sample
BA,US,2026-05-26,188.06,190.70,185.80,188.44,188.44,6386000,1203377840,sample
BA,US,2026-05-27,188.45,190.90,186.19,188.64,188.64,6448000,1216350720,sample
BA,US,2026-05-28,188.85,191.12,186.58,188.85,188.85,6510000,1229413500,sample
BA,US,2026-05-29,189.24,191.51,186.78,189.05,189.05,6572000,1242436600,sample
SPY,US,2025-06-02,519.24,527.05,513.01,520.80,520.80,72000000,37497600000,sample
SPY,US,2025-06-03,520.34,527.64,514.10,521.38,521.38,72720000,37914753600,sample
SPY,US,2025-06-04,521.44,528.22,515.18,521.96,521.96,73440000,38332742400,sample
SPY,US,2025-06-05,522.53,528.80,516.26,522.53,522.53,74160000,38750824800,sample
SPY,US,2025-06-06,523.63,529.91,516.83,523.11,523.11,74880000,39170476800,sample
SPY,US,2025-06-09,522.12,529.97,515.85,523.69,523.69,75600000,39590964000,sample
SPY,US,2025-06-10,523.22,530.56,516.94,524.27,524.27,76320000,40012286400,sample
SPY,US,2025-06-11,524.32,531.14,518.03,524.84,524.84,77040000,40433673600,sample
SPY,US,2025-06-12,525.42,531.73,519.11,525.42,525.42,77760000,40856659200,sample
SPY,US,2025-06-13,526.53,532.85,519.69,526.00,526.00,78480000,41280480000,sample
SPY,US,2025-06-16,525.00,532.90,518.70,526.58,526.58,79200000,41705136000,sample
SPY,US,2025-06-17,526.10,533.48,519.79,527.15,527.15,72000000,37954800000,sample
SPY,US,2025-06-18,527.20,534.06,520.87,527.73,527.73,72720000,38376525600,sample
SPY,US,2025-06-19,528.31,534.65,521.97,528.31,528.31,73440000,38799086400,sample
SPY,US,2025-06-20,529.42,535.77,522.54,528.89,528.89,74160000,39222482400,sample
SPY,US,2025-06-23,527.87,535.81,521.54,529.46,529.46,74880000,39645964800,sample
SPY,US,2025-06-24,528.98,536.40,522.63,530.04,530.04,75600000,40071024000,sample
SPY,US,2025-06-25,521.17,527.95,514.92,521.69,521.69,76320000,39815380800,sample
SPY,US,2025-06-26,522.27,528.54,516.00,522.27,522.27,77040000,40235680800,sample
SPY,US,2025-06-27,523.37,529.65,516.58,522.85,522.85,77760000,40656816000,sample
SPY,US,2025-06-30,521.86,529.71,515.60,523.43,523.43,78480000,41078786400,sample
SPY,US,2025-07-01,522.95,530.29,516.67,524.00,524.00,79200000,41500800000,sample
SPY,US,2025-07-02,524.06,530.87,517.77,524.58,524.58,72000000,37769760000,sample
SPY,US,2025-07-03,525.16,531.46,518.86,525.16,525.16,72720000,38189635200,sample
SPY,US,2025-07-04,526.27,532.59,519.43,525.74,525.74,73440000,38610345600,sample
SPY,US,2025-07-07,524.73,532.63,518.43,526.31,526.31,74160000,39031149600,sample
SPY,US,2025-07-08,525.84,533.21,519.53,526.89,526.89,74880000,39453523200,sample
SPY,US,2025-07-09,526.94,533.80,520.62,527.47,527.47,75600000,39876732000,sample
SPY,US,2025-07-10,528.05,534.39,521.71,528.05,528.05,76320000,40300776000,sample
SPY,US,2025-07-11,529.15,535.50,522.28,528.62,528.62,77040000,40724884800,sample
SPY,US,2025-07-14,527.61,535.55,521.28,529.20,529.20,77760000,41150592000,sample
SPY,US,2025-07-15,528.72,536.14,522.38,529.78,529.78,78480000,41577134400,sample
SPY,US,2025-07-16,529.83,536.72,523.47,530.36,530.36,79200000,42004512000,sample
SPY,US,2025-07-17,530.93,537.30,524.56,530.93,530.93,72000000,38226960000,sample
SPY,US,2025-07-18,523.11,529.39,516.32,522.59,522.59,72720000,38002744800,sample
SPY,US,2025-07-21,521.59,529.44,515.33,523.16,523.16,73440000,38420870400,sample
SPY,US,2025-07-22,522.69,530.02,516.42,523.74,523.74,74160000,38840558400,sample
SPY,US,2025-07-23,523.80,530.61,517.51,524.32,524.32,74880000,39261081600,sample
SPY,US,2025-07-24,524.90,531.20,518.60,524.90,524.90,75600000,39682440000,sample
SPY,US,2025-07-25,526.00,532.31,519.16,525.47,525.47,76320000,40103870400,sample
SPY,US,2025-07-28,524.47,532.36,518.18,526.05,526.05,77040000,40526892000,sample
SPY,US,2025-07-29,525.58,532.95,519.27,526.63,526.63,77760000,40950748800,sample
SPY,US,2025-07-30,526.68,533.54,520.36,527.21,527.21,78480000,41375440800,sample
SPY,US,2025-07-31,527.78,534.11,521.45,527.78,527.78,79200000,41800176000,sample
SPY,US,2025-08-01,528.89,535.24,522.02,528.36,528.36,72000000,38041920000,sample
SPY,US,2025-08-04,527.35,535.29,521.02,528.94,528.94,72720000,38464516800,sample
SPY,US,2025-08-05,528.46,535.87,522.12,529.52,529.52,73440000,38887948800,sample
SPY,US,2025-08-06,529.56,536.45,523.21,530.09,530.09,74160000,39311474400,sample
SPY,US,2025-08-07,530.67,537.04,524.30,530.67,530.67,74880000,39736569600,sample
SPY,US,2025-08-08,531.78,538.16,524.88,531.25,531.25,75600000,40162500000,sample
SPY,US,2025-08-11,530.23,538.21,523.87,531.83,531.83,76320000,40589265600,sample
SPY,US,2025-08-12,522.43,529.76,516.16,523.48,523.48,77040000,40328899200,sample
SPY,US,2025-08-13,523.54,530.35,517.26,524.06,524.06,77760000,40750905600,sample
SPY,US,2025-08-14,524.63,530.93,518.33,524.63,524.63,78480000,41172962400,sample
SPY,US,2025-08-15,525.74,532.05,518.91,525.21,525.21,79200000,41596632000,sample
SPY,US,2025-08-18,524.21,532.10,517.92,525.79,525.79,72000000,37856880000,sample
SPY,US,2025-08-19,525.32,532.69,519.02,526.37,526.37,72720000,38277626400,sample
SPY,US,2025-08-20,526.41,533.26,520.09,526.94,526.94,73440000,38698473600,sample
SPY,US,2025-08-21,527.52,533.85,521.19,527.52,527.52,74160000,39120883200,sample
SPY,US,2025-08-22,528.63,534.97,521.76,528.10,528.10,74880000,39544128000,sample
SPY,US,2025-08-25,527.09,535.02,520.76,528.68,528.68,75600000,39968208000,sample
SPY,US,2025-08-26,528.19,535.60,521.85,529.25,529.25,76320000,40392360000,sample
SPY,US,2025-08-27,529.30,536.19,522.95,529.83,529.83,77040000,40818103200,sample
SPY,US,2025-08-28,530.41,536.77,524.05,530.41,530.41,77760000,41244681600,sample
SPY,US,2025-08-29,531.52,537.90,524.62,530.99,530.99,78480000,41672095200,sample
SPY,US,2025-09-01,529.97,537.94,523.61,531.56,531.56,79200000,42099552000,sample
SPY,US,2025-09-02,531.08,538.53,524.71,532.14,532.14,72000000,38314080000,sample
SPY,US,2025-09-03,532.19,539.11,525.80,532.72,532.72,72720000,38739398400,sample
SPY,US,2025-09-04,524.37,530.66,518.08,524.37,524.37,73440000,38509732800,sample
SPY,US,2025-09-05,525.47,531.78,518.65,524.95,524.95,74160000,38930292000,sample
SPY,US,2025-09-08,523.95,531.84,517.66,525.53,525.53,74880000,39351686400,sample
SPY,US,2025-09-09,525.05,532.41,518.75,526.10,526.10,75600000,39773160000,sample
SPY,US,2025-09-10,526.15,533.00,519.84,526.68,526.68,76320000,40196217600,sample
SPY,US,2025-09-11,527.26,533.59,520.93,527.26,527.26,77040000,40620110400,sample
SPY,US,2025-09-12,528.37,534.71,521.51,527.84,527.84,77760000,41044838400,sample
SPY,US,2025-09-15,526.82,534.75,520.50,528.41,528.41,78480000,41469616800,sample
SPY,US,2025-09-16,527.93,535.34,521.59,528.99,528.99,79200000,41896008000,sample
SPY,US,2025-09-17,529.04,535.92,522.69,529.57,529.57,72000000,38129040000,sample
SPY,US,2025-09-18,530.15,536.51,523.79,530.15,530.15,72720000,38552508000,sample
SPY,US,2025-09-19,531.25,537.63,524.35,530.72,530.72,73440000,38976076800,sample
SPY,US,2025-09-22,529.71,537.68,523.35,531.30,531.30,74160000,39401208000,sample
SPY,US,2025-09-23,530.82,538.26,524.45,531.88,531.88,74880000,39827174400,sample
SPY,US,2025-09-24,531.93,538.85,525.55,532.46,532.46,75600000,40253976000,sample
SPY,US,2025-09-25,533.03,539.43,526.63,533.03,533.03,76320000,40680849600,sample
SPY,US,2025-09-26,534.14,540.55,527.21,533.61,533.61,77040000,41109314400,sample
SPY,US,2025-09-29,523.68,531.56,517.40,525.26,525.26,77760000,40844217600,sample
SPY,US,2025-09-30,524.79,532.15,518.49,525.84,525.84,78480000,41267923200,sample
SPY,US,2025-10-01,525.89,532.74,519.58,526.42,526.42,79200000,41692464000,sample
SPY,US,2025-10-02,527.00,533.32,520.68,527.00,527.00,72000000,37944000000,sample
SPY,US,2025-10-03,528.10,534.44,521.24,527.57,527.57,72720000,38364890400,sample
SPY,US,2025-10-06,526.57,534.49,520.25,528.15,528.15,73440000,38787336000,sample
SPY,US,2025-10-07,527.67,535.07,521.34,528.73,528.73,74160000,39210616800,sample
SPY,US,2025-10-08,528.78,535.66,522.43,529.31,529.31,74880000,39634732800,sample
SPY,US,2025-10-09,529.88,536.24,523.52,529.88,529.88,75600000,40058928000,sample
SPY,US,2025-10-10,530.99,537.36,524.09,530.46,530.46,76320000,40484707200,sample
SPY,US,2025-10-13,529.45,537.41,523.10,531.04,531.04,77040000,40911321600,sample
SPY,US,2025-10-14,530.56,538.00,524.19,531.62,531.62,77760000,41338771200,sample
SPY,US,2025-10-15,531.66,538.58,525.28,532.19,532.19,78480000,41766271200,sample
SPY,US,2025-10-16,532.77,539.16,526.38,532.77,532.77,79200000,42195384000,sample
SPY,US,2025-10-17,533.88,540.29,526.95,533.35,533.35,72000000,38401200000,sample
SPY,US,2025-10-20,532.33,540.34,525.94,533.93,533.93,72720000,38827389600,sample
SPY,US,2025-10-21,533.43,540.91,527.03,534.50,534.50,73440000,39253680000,sample
SPY,US,2025-10-22,525.63,532.47,519.32,526.16,526.16,74160000,39020025600,sample
SPY,US,2025-10-23,526.73,533.05,520.41,526.73,526.73,74880000,39441542400,sample
SPY,US,2025-10-24,527.84,534.17,520.98,527.31,527.31,75600000,39864636000,sample
SPY,US,2025-10-27,526.31,534.22,519.99,527.89,527.89,76320000,40288564800,sample
SPY,US,2025-10-28,527.41,534.81,521.08,528.47,528.47,77040000,40713328800,sample
SPY,US,2025-10-29,528.51,535.39,522.17,529.04,529.04,77760000,41138150400,sample
SPY,US,2025-10-30,529.62,535.98,523.26,529.62,529.62,78480000,41564577600,sample
SPY,US,2025-10-31,530.73,537.10,523.84,530.20,530.20,79200000,41991840000,sample
SPY,US,2025-11-03,529.19,537.15,522.84,530.78,530.78,72000000,38216160000,sample
SPY,US,2025-11-04,530.29,537.73,523.93,531.35,531.35,72720000,38639772000,sample
SPY,US,2025-11-05,531.40,538.31,525.02,531.93,531.93,73440000,39064939200,sample
SPY,US,2025-11-06,532.51,538.90,526.12,532.51,532.51,74160000,39490941600,sample
SPY,US,2025-11-07,533.62,540.02,526.69,533.09,533.09,74880000,39917779200,sample
SPY,US,2025-11-10,532.06,540.06,525.68,533.66,533.66,75600000,40344696000,sample
SPY,US,2025-11-11,533.17,540.65,526.77,534.24,534.24,76320000,40773196800,sample
SPY,US,2025-11-12,534.29,541.24,527.88,534.82,534.82,77040000,41202532800,sample
SPY,US,2025-11-13,535.40,541.82,528.98,535.40,535.40,77760000,41632704000,sample
SPY,US,2025-11-14,527.58,533.91,520.73,527.05,527.05,78480000,41362884000,sample
SPY,US,2025-11-17,526.05,533.96,519.74,527.63,527.63,79200000,41788296000,sample
SPY,US,2025-11-18,527.14,534.54,520.81,528.20,528.20,72000000,38030400000,sample
SPY,US,2025-11-19,528.25,535.13,521.91,528.78,528.78,72720000,38452881600,sample
SPY,US,2025-11-20,529.36,535.71,523.01,529.36,529.36,73440000,38876198400,sample
SPY,US,2025-11-21,530.47,536.84,523.58,529.94,529.94,74160000,39300350400,sample
SPY,US,2025-11-24,528.92,536.88,522.57,530.51,530.51,74880000,39724588800,sample
SPY,US,2025-11-25,530.03,537.46,523.67,531.09,531.09,75600000,40150404000,sample
SPY,US,2025-11-26,531.14,538.05,524.77,531.67,531.67,76320000,40577054400,sample
SPY,US,2025-11-27,532.25,538.64,525.86,532.25,532.25,77040000,41004540000,sample
SPY,US,2025-11-28,533.35,539.75,526.43,532.82,532.82,77760000,41432083200,sample
SPY,US,2025-12-01,531.80,539.80,525.42,533.40,533.40,78480000,41861232000,sample
SPY,US,2025-12-02,532.91,540.39,526.52,533.98,533.98,79200000,42291216000,sample
SPY,US,2025-12-03,534.03,540.97,527.62,534.56,534.56,72000000,38488320000,sample
SPY,US,2025-12-04,535.13,541.55,528.71,535.13,535.13,72720000,38914653600,sample
SPY,US,2025-12-05,536.25,542.69,529.28,535.71,535.71,73440000,39342542400,sample
SPY,US,2025-12-08,534.68,542.73,528.26,536.29,536.29,74160000,39771266400,sample
SPY,US,2025-12-09,526.88,534.28,520.56,527.94,527.94,74880000,39532147200,sample
SPY,US,2025-12-10,527.99,534.86,521.65,528.52,528.52,75600000,39956112000,sample
SPY,US,2025-12-11,529.10,535.45,522.75,529.10,529.10,76320000,40380912000,sample
SPY,US,2025-12-12,530.20,536.56,523.31,529.67,529.67,77040000,40805776800,sample
SPY,US,2025-12-15,528.66,536.61,522.32,530.25,530.25,77760000,41232240000,sample
SPY,US,2025-12-16,529.77,537.20,523.41,530.83,530.83,78480000,41659538400,sample
SPY,US,2025-12-17,530.88,537.79,524.51,531.41,531.41,79200000,42087672000,sample
SPY,US,2025-12-18,531.98,538.36,525.60,531.98,531.98,72000000,38302560000,sample
SPY,US,2025-12-19,533.09,539.49,526.17,532.56,532.56,72720000,38727763200,sample
SPY,US,2025-12-22,531.54,539.54,525.16,533.14,533.14,73440000,39153801600,sample
SPY,US,2025-12-23,532.65,540.12,526.26,533.72,533.72,74160000,39580675200,sample
SPY,US,2025-12-24,533.76,540.70,527.35,534.29,534.29,74880000,40007635200,sample
SPY,US,2025-12-25,534.87,541.29,528.45,534.87,534.87,75600000,40436172000,sample
SPY,US,2025-12-26,535.99,542.42,529.02,535.45,535.45,76320000,40865544000,sample
SPY,US,2025-12-29,534.42,542.46,528.01,536.03,536.03,77040000,41295751200,sample
SPY,US,2025-12-30,535.53,543.04,529.10,536.60,536.60,77760000,41726016000,sample
SPY,US,2025-12-31,536.64,543.63,530.20,537.18,537.18,78480000,42157886400,sample
SPY,US,2026-01-01,528.83,535.18,522.48,528.83,528.83,79200000,41883336000,sample
SPY,US,2026-01-02,529.94,536.30,523.06,529.41,529.41,72000000,38117520000,sample
SPY,US,2026-01-05,528.40,536.35,522.06,529.99,529.99,72720000,38540872800,sample
SPY,US,2026-01-06,529.51,536.94,523.16,530.57,530.57,73440000,38965060800,sample
SPY,US,2026-01-07,530.61,537.51,524.24,531.14,531.14,74160000,39389342400,sample
SPY,US,2026-01-08,531.72,538.10,525.34,531.72,531.72,74880000,39815193600,sample
SPY,US,2026-01-09,532.83,539.22,525.91,532.30,532.30,75600000,40241880000,sample
SPY,US,2026-01-12,531.28,539.27,524.90,532.88,532.88,76320000,40669401600,sample
SPY,US,2026-01-13,532.38,539.85,525.99,533.45,533.45,77040000,41096988000,sample
SPY,US,2026-01-14,533.50,540.44,527.10,534.03,534.03,77760000,41526172800,sample
SPY,US,2026-01-15,534.61,541.03,528.19,534.61,534.61,78480000,41956192800,sample
SPY,US,2026-01-16,535.73,542.16,528.77,535.19,535.19,79200000,42387048000,sample
SPY,US,2026-01-19,534.15,542.19,527.74,535.76,535.76,72000000,38574720000,sample
SPY,US,2026-01-20,535.27,542.78,528.85,536.34,536.34,72720000,39002644800,sample
SPY,US,2026-01-21,536.38,543.36,529.94,536.92,536.92,73440000,39431404800,sample
SPY,US,2026-01-22,537.50,543.95,531.05,537.50,537.50,74160000,39861000000,sample
SPY,US,2026-01-23,538.61,545.07,531.61,538.07,538.07,74880000,40290681600,sample
SPY,US,2026-01-26,528.14,536.09,521.80,529.73,529.73,75600000,40047588000,sample
SPY,US,2026-01-27,529.24,536.66,522.89,530.30,530.30,76320000,40472496000,sample
SPY,US,2026-01-28,530.35,537.25,523.99,530.88,530.88,77040000,40898995200,sample
SPY,US,2026-01-29,531.46,537.84,525.08,531.46,531.46,77760000,41326329600,sample
SPY,US,2026-01-30,532.57,538.96,525.66,532.04,532.04,78480000,41754499200,sample
SPY,US,2026-02-02,531.01,539.00,524.64,532.61,532.61,79200000,42182712000,sample
SPY,US,2026-02-03,532.12,539.59,525.73,533.19,533.19,72000000,38389680000,sample
SPY,US,2026-02-04,533.24,540.18,526.84,533.77,533.77,72720000,38815754400,sample
SPY,US,2026-02-05,534.35,540.76,527.94,534.35,534.35,73440000,39242664000,sample
SPY,US,2026-02-06,535.45,541.88,528.50,534.92,534.92,74160000,39669667200,sample
SPY,US,2026-02-09,533.89,541.93,527.48,535.50,535.50,74880000,40098240000,sample
SPY,US,2026-02-10,535.01,542.51,528.59,536.08,536.08,75600000,40527648000,sample
SPY,US,2026-02-11,536.12,543.10,529.69,536.66,536.66,76320000,40957891200,sample
SPY,US,2026-02-12,537.23,543.68,530.78,537.23,537.23,77040000,41388199200,sample
SPY,US,2026-02-13,538.35,544.81,531.36,537.81,537.81,77760000,41820105600,sample
SPY,US,2026-02-16,536.77,544.85,530.33,538.39,538.39,78480000,42252847200,sample
SPY,US,2026-02-17,537.89,545.44,531.44,538.97,538.97,79200000,42686424000,sample
SPY,US,2026-02-18,530.09,536.99,523.73,530.62,530.62,72000000,38204640000,sample
SPY,US,2026-02-19,531.20,537.57,524.83,531.20,531.20,72720000,38628864000,sample
SPY,US,2026-02-20,532.30,538.69,525.39,531.77,531.77,73440000,39053188800,sample
SPY,US,2026-02-23,530.75,538.74,524.38,532.35,532.35,74160000,39479076000,sample
SPY,US,2026-02-24,531.86,539.33,525.48,532.93,532.93,74880000,39905798400,sample
SPY,US,2026-02-25,532.98,539.91,526.58,533.51,533.51,75600000,40333356000,sample
SPY,US,2026-02-26,534.08,540.49,527.67,534.08,534.08,76320000,40760985600,sample
SPY,US,2026-02-27,535.19,541.61,528.24,534.66,534.66,77040000,41190206400,sample
SPY,US,2026-03-02,533.63,541.66,527.23,535.24,535.24,77760000,41620262400,sample
SPY,US,2026-03-03,534.75,542.25,528.33,535.82,535.82,78480000,42051153600,sample
SPY,US,2026-03-04,535.85,542.83,529.42,536.39,536.39,79200000,42482088000,sample
SPY,US,2026-03-05,536.97,543.41,530.53,536.97,536.97,72000000,38661840000,sample
SPY,US,2026-03-06,538.09,544.55,531.10,537.55,537.55,72720000,39090636000,sample
SPY,US,2026-03-09,536.52,544.59,530.08,538.13,538.13,73440000,39520267200,sample
SPY,US,2026-03-10,537.62,545.16,531.17,538.70,538.70,74160000,39949992000,sample
SPY,US,2026-03-11,538.74,545.75,532.28,539.28,539.28,74880000,40381286400,sample
SPY,US,2026-03-12,539.86,546.34,533.38,539.86,539.86,75600000,40813416000,sample
SPY,US,2026-03-13,532.04,538.42,525.13,531.51,531.51,76320000,40564843200,sample
SPY,US,2026-03-16,530.49,538.48,524.12,532.09,532.09,77040000,40992213600,sample
SPY,US,2026-03-17,531.60,539.06,525.22,532.67,532.67,77760000,41420419200,sample
SPY,US,2026-03-18,532.71,539.64,526.32,533.24,533.24,78480000,41848675200,sample
SPY,US,2026-03-19,533.82,540.23,527.41,533.82,533.82,79200000,42278544000,sample
SPY,US,2026-03-20,534.93,541.35,527.99,534.40,534.40,72000000,38476800000,sample
SPY,US,2026-03-23,533.38,541.40,526.98,534.98,534.98,72720000,38903745600,sample
SPY,US,2026-03-24,534.48,541.98,528.07,535.55,535.55,73440000,39330792000,sample
SPY,US,2026-03-25,535.59,542.56,529.16,536.13,536.13,74160000,39759400800,sample
SPY,US,2026-03-26,536.71,543.15,530.27,536.71,536.71,74880000,40188844800,sample
SPY,US,2026-03-27,537.83,544.28,530.84,537.29,537.29,75600000,40619124000,sample
SPY,US,2026-03-30,536.25,544.31,529.82,537.86,537.86,76320000,41049475200,sample
SPY,US,2026-03-31,537.36,544.90,530.91,538.44,538.44,77040000,41481417600,sample
SPY,US,2026-04-01,538.48,545.49,532.02,539.02,539.02,77760000,41914195200,sample
SPY,US,2026-04-02,539.60,546.08,533.12,539.60,539.60,78480000,42347808000,sample
SPY,US,2026-04-03,540.71,547.20,533.69,540.17,540.17,79200000,42781464000,sample
SPY,US,2026-04-06,539.13,547.24,532.66,540.75,540.75,72000000,38934000000,sample
SPY,US,2026-04-07,531.34,538.79,524.96,532.40,532.40,72720000,38716128000,sample
SPY,US,2026-04-08,532.45,539.38,526.06,532.98,532.98,73440000,39142051200,sample
SPY,US,2026-04-09,533.56,539.96,527.16,533.56,533.56,74160000,39568809600,sample
SPY,US,2026-04-10,534.67,541.09,527.73,534.14,534.14,74880000,39996403200,sample
SPY,US,2026-04-13,533.11,541.13,526.71,534.71,534.71,75600000,40424076000,sample
SPY,US,2026-04-14,534.22,541.71,527.81,535.29,535.29,76320000,40853332800,sample
SPY,US,2026-04-15,535.33,542.30,528.91,535.87,535.87,77040000,41283424800,sample
SPY,US,2026-04-16,536.45,542.89,530.01,536.45,536.45,77760000,41714352000,sample
SPY,US,2026-04-17,537.56,544.01,530.58,537.02,537.02,78480000,42145329600,sample
SPY,US,2026-04-20,535.99,544.05,529.56,537.60,537.60,79200000,42577920000,sample
SPY,US,2026-04-21,537.10,544.64,530.65,538.18,538.18,72000000,38748960000,sample
SPY,US,2026-04-22,538.22,545.23,531.76,538.76,538.76,72720000,39178627200,sample
SPY,US,2026-04-23,539.33,545.80,532.86,539.33,539.33,73440000,39608395200,sample
SPY,US,2026-04-24,540.45,546.94,533.43,539.91,539.91,74160000,40039725600,sample
SPY,US,2026-04-27,538.87,546.98,532.40,540.49,540.49,74880000,40471891200,sample
SPY,US,2026-04-28,539.99,547.56,533.51,541.07,541.07,75600000,40904892000,sample
SPY,US,2026-04-29,541.10,548.14,534.61,541.64,541.64,76320000,41337964800,sample
SPY,US,2026-04-30,533.30,539.70,526.90,533.30,533.30,77040000,41085432000,sample
SPY,US,2026-05-01,534.40,540.81,527.46,533.87,533.87,77760000,41513731200,sample
SPY,US,2026-05-04,532.85,540.86,526.46,534.45,534.45,78480000,41943636000,sample
SPY,US,2026-05-05,533.96,541.45,527.55,535.03,535.03,79200000,42374376000,sample
SPY,US,2026-05-06,535.07,542.04,528.65,535.61,535.61,72000000,38563920000,sample
SPY,US,2026-05-07,536.18,542.61,529.75,536.18,536.18,72720000,38991009600,sample
SPY,US,2026-05-08,537.30,543.75,530.32,536.76,536.76,73440000,39419654400,sample
SPY,US,2026-05-11,535.73,543.79,529.30,537.34,537.34,74160000,39849134400,sample
SPY,US,2026-05-12,536.84,544.38,530.40,537.92,537.92,74880000,40279449600,sample
SPY,US,2026-05-13,537.95,544.95,531.49,538.49,538.49,75600000,40709844000,sample
SPY,US,2026-05-14,539.07,545.54,532.60,539.07,539.07,76320000,41141822400,sample
SPY,US,2026-05-15,540.19,546.67,533.17,539.65,539.65,77040000,41574636000,sample
SPY,US,2026-05-18,538.61,546.71,532.15,540.23,540.23,77760000,42008284800,sample
SPY,US,2026-05-19,539.72,547.29,533.24,540.80,540.80,78480000,42441984000,sample
SPY,US,2026-05-20,540.84,547.88,534.35,541.38,541.38,79200000,42877296000,sample
SPY,US,2026-05-21,541.96,548.46,535.46,541.96,541.96,72000000,39021120000,sample
SPY,US,2026-05-22,543.08,549.60,536.03,542.54,542.54,72720000,39453508800,sample
SPY,US,2026-05-25,532.59,540.60,526.20,534.19,534.19,73440000,39230913600,sample
SPY,US,2026-05-26,533.70,541.19,527.30,534.77,534.77,74160000,39658543200,sample
SPY,US,2026-05-27,534.80,541.76,528.38,535.34,535.34,74880000,40086259200,sample
SPY,US,2026-05-28,535.92,542.35,529.49,535.92,535.92,75600000,40515552000,sample
SPY,US,2026-05-29,537.04,543.48,530.06,536.50,536.50,76320000,40945680000,sample
QQQ,US,2025-06-02,450.01,456.78,444.61,451.36,451.36,49000000,22116640000,sample
QQQ,US,2025-06-03,450.96,457.28,445.55,451.86,451.86,49490000,22362551400,sample
QQQ,US,2025-06-04,451.91,457.79,446.49,452.36,452.36,49980000,22608952800,sample
QQQ,US,2025-06-05,452.86,458.29,447.43,452.86,452.86,50470000,22855844200,sample
QQQ,US,2025-06-06,453.81,459.26,447.92,453.36,453.36,50960000,23103225600,sample
QQQ,US,2025-06-09,452.50,459.31,447.07,453.86,453.86,51450000,23351097000,sample
QQQ,US,2025-06-10,453.45,459.81,448.01,454.36,454.36,51940000,23599458400,sample
QQQ,US,2025-06-11,454.41,460.32,448.96,454.86,454.86,52430000,23848309800,sample
QQQ,US,2025-06-12,455.36,460.82,449.90,455.36,455.36,52920000,24097651200,sample
QQQ,US,2025-06-13,456.32,461.80,450.39,455.86,455.86,53410000,24347482600,sample
QQQ,US,2025-06-16,455.00,461.85,449.54,456.37,456.37,53900000,24598343000,sample
QQQ,US,2025-06-17,455.96,462.35,450.49,456.87,456.87,49000000,22386630000,sample
QQQ,US,2025-06-18,456.91,462.86,451.43,457.37,457.37,49490000,22635241300,sample
QQQ,US,2025-06-19,457.87,463.36,452.38,457.87,457.87,49980000,22884342600,sample
QQQ,US,2025-06-20,458.83,464.34,452.87,458.37,458.37,50470000,23133933900,sample
QQQ,US,2025-06-23,457.49,464.38,452.00,458.87,458.87,50960000,23384015200,sample
QQQ,US,2025-06-24,458.45,464.88,452.95,459.37,459.37,51450000,23634586500,sample
QQQ,US,2025-06-25,451.68,457.56,446.26,452.13,452.13,51940000,23483632200,sample
QQQ,US,2025-06-26,452.63,458.06,447.20,452.63,452.63,52430000,23731390900,sample
QQQ,US,2025-06-27,453.58,459.02,447.69,453.13,453.13,52920000,23979639600,sample
QQQ,US,2025-06-30,452.28,459.08,446.85,453.64,453.64,53410000,24228912400,sample
QQQ,US,2025-07-01,453.23,459.59,447.79,454.14,454.14,53900000,24478146000,sample
QQQ,US,2025-07-02,454.19,460.10,448.74,454.64,454.64,49000000,22277360000,sample
QQQ,US,2025-07-03,455.14,460.60,449.68,455.14,455.14,49490000,22524878600,sample
QQQ,US,2025-07-04,456.10,461.57,450.17,455.64,455.64,49980000,22772887200,sample
QQQ,US,2025-07-07,454.77,461.61,449.31,456.14,456.14,50470000,23021385800,sample
QQQ,US,2025-07-08,455.73,462.12,450.26,456.64,456.64,50960000,23270374400,sample
QQQ,US,2025-07-09,456.68,462.63,451.20,457.14,457.14,51450000,23519853000,sample
QQQ,US,2025-07-10,457.64,463.13,452.15,457.64,457.64,51940000,23769821600,sample
QQQ,US,2025-07-11,458.60,464.10,452.64,458.14,458.14,52430000,24020280200,sample
QQQ,US,2025-07-14,457.26,464.14,451.77,458.64,458.64,52920000,24271228800,sample
QQQ,US,2025-07-15,458.22,464.65,452.72,459.14,459.14,53410000,24522667400,sample
QQQ,US,2025-07-16,459.18,465.16,453.67,459.64,459.64,53900000,24774596000,sample
QQQ,US,2025-07-17,460.14,465.66,454.62,460.14,460.14,49000000,22546860000,sample
QQQ,US,2025-07-18,453.36,458.80,447.48,452.91,452.91,49490000,22414515900,sample
QQQ,US,2025-07-21,452.05,458.85,446.63,453.41,453.41,49980000,22661431800,sample
QQQ,US,2025-07-22,453.00,459.36,447.56,453.91,453.91,50470000,22908837700,sample
QQQ,US,2025-07-23,453.96,459.86,448.51,454.41,454.41,50960000,23156733600,sample
QQQ,US,2025-07-24,454.91,460.37,449.45,454.91,454.91,51450000,23405119500,sample
QQQ,US,2025-07-25,455.87,461.34,449.95,455.41,455.41,51940000,23653995400,sample
QQQ,US,2025-07-28,454.54,461.38,449.09,455.91,455.91,52430000,23903361300,sample
QQQ,US,2025-07-29,455.50,461.89,450.03,456.41,456.41,52920000,24153217200,sample
QQQ,US,2025-07-30,456.45,462.39,450.97,456.91,456.91,53410000,24403563100,sample
QQQ,US,2025-07-31,457.41,462.90,451.92,457.41,457.41,53900000,24654399000,sample
QQQ,US,2025-08-01,458.37,463.87,452.42,457.91,457.91,49000000,22437590000,sample
QQQ,US,2025-08-04,457.03,463.91,451.55,458.41,458.41,49490000,22686710900,sample
QQQ,US,2025-08-05,457.99,464.42,452.49,458.91,458.91,49980000,22936321800,sample
QQQ,US,2025-08-06,458.95,464.92,453.44,459.41,459.41,50470000,23186422700,sample
QQQ,US,2025-08-07,459.91,465.43,454.39,459.91,459.91,50960000,23437013600,sample
QQQ,US,2025-08-08,460.87,466.40,454.89,460.41,460.41,51450000,23688094500,sample
QQQ,US,2025-08-11,459.54,466.45,454.03,460.92,460.92,51940000,23940184800,sample
QQQ,US,2025-08-12,452.77,459.12,447.34,453.68,453.68,52430000,23786442400,sample
QQQ,US,2025-08-13,453.73,459.63,448.29,454.18,454.18,52920000,24035205600,sample
QQQ,US,2025-08-14,454.68,460.14,449.22,454.68,454.68,53410000,24284458800,sample
QQQ,US,2025-08-15,455.64,461.11,449.72,455.18,455.18,53900000,24534202000,sample
QQQ,US,2025-08-18,454.31,461.15,448.86,455.68,455.68,49000000,22328320000,sample
QQQ,US,2025-08-19,455.27,461.65,449.81,456.18,456.18,49490000,22576348200,sample
QQQ,US,2025-08-20,456.22,462.16,450.75,456.68,456.68,49980000,22824866400,sample
QQQ,US,2025-08-21,457.18,462.67,451.69,457.18,457.18,50470000,23073874600,sample
QQQ,US,2025-08-22,458.14,463.64,452.19,457.68,457.68,50960000,23323372800,sample
QQQ,US,2025-08-25,456.82,463.69,451.34,458.19,458.19,51450000,23573875500,sample
QQQ,US,2025-08-26,457.77,464.19,452.28,458.69,458.69,51940000,23824358600,sample
QQQ,US,2025-08-27,458.73,464.70,453.23,459.19,459.19,52430000,24075331700,sample
QQQ,US,2025-08-28,459.69,465.21,454.17,459.69,459.69,52920000,24326794800,sample
QQQ,US,2025-08-29,460.65,466.18,454.67,460.19,460.19,53410000,24578747900,sample
QQQ,US,2025-09-01,459.31,466.22,453.80,460.69,460.69,53900000,24831191000,sample
QQQ,US,2025-09-02,460.27,466.72,454.75,461.19,461.19,49000000,22598310000,sample
QQQ,US,2025-09-03,461.23,467.23,455.70,461.69,461.69,49490000,22849038100,sample
QQQ,US,2025-09-04,454.45,459.90,449.00,454.45,454.45,49980000,22713411000,sample
QQQ,US,2025-09-05,455.40,460.86,449.49,454.95,454.95,50470000,22961326500,sample
QQQ,US,2025-09-08,454.09,460.93,448.64,455.46,455.46,50960000,23210241600,sample
QQQ,US,2025-09-09,455.05,461.43,449.59,455.96,455.96,51450000,23459142000,sample
QQQ,US,2025-09-10,456.00,461.94,450.53,456.46,456.46,51940000,23708532400,sample
QQQ,US,2025-09-11,456.96,462.44,451.48,456.96,456.96,52430000,23958412800,sample
QQQ,US,2025-09-12,457.92,463.42,451.97,457.46,457.46,52920000,24208783200,sample
QQQ,US,2025-09-15,456.59,463.46,451.11,457.96,457.96,53410000,24459643600,sample
QQQ,US,2025-09-16,457.54,463.96,452.05,458.46,458.46,53900000,24710994000,sample
QQQ,US,2025-09-17,458.50,464.47,453.00,458.96,458.96,49000000,22489040000,sample
QQQ,US,2025-09-18,459.46,464.97,453.95,459.46,459.46,49490000,22738675400,sample
QQQ,US,2025-09-19,460.42,465.95,454.44,459.96,459.96,49980000,22988800800,sample
QQQ,US,2025-09-22,459.08,465.99,453.57,460.46,460.46,50470000,23239416200,sample
QQQ,US,2025-09-23,460.04,466.49,454.52,460.96,460.96,50960000,23490521600,sample
QQQ,US,2025-09-24,461.00,467.00,455.47,461.46,461.46,51450000,23742117000,sample
QQQ,US,2025-09-25,461.96,467.50,456.42,461.96,461.96,51940000,23994202400,sample
QQQ,US,2025-09-26,462.92,468.48,456.91,462.46,462.46,52430000,24246777800,sample
QQQ,US,2025-09-29,453.86,460.69,448.41,455.23,455.23,52920000,24090771600,sample
QQQ,US,2025-09-30,454.82,461.20,449.36,455.73,455.73,53410000,24340539300,sample
QQQ,US,2025-10-01,455.77,461.70,450.30,456.23,456.23,53900000,24590797000,sample
QQQ,US,2025-10-02,456.73,462.21,451.25,456.73,456.73,49000000,22379770000,sample
QQQ,US,2025-10-03,457.69,463.18,451.74,457.23,457.23,49490000,22628312700,sample
QQQ,US,2025-10-06,456.36,463.22,450.88,457.73,457.73,49980000,22877345400,sample
QQQ,US,2025-10-07,457.31,463.73,451.82,458.23,458.23,50470000,23126868100,sample
QQQ,US,2025-10-08,458.27,464.23,452.77,458.73,458.73,50960000,23376880800,sample
QQQ,US,2025-10-09,459.23,464.74,453.72,459.23,459.23,51450000,23627383500,sample
QQQ,US,2025-10-10,460.19,465.71,454.21,459.73,459.73,51940000,23878376200,sample
QQQ,US,2025-10-13,458.85,465.75,453.34,460.23,460.23,52430000,24129858900,sample
QQQ,US,2025-10-14,459.81,466.26,454.29,460.73,460.73,52920000,24381831600,sample
QQQ,US,2025-10-15,460.77,466.76,455.24,461.23,461.23,53410000,24634294300,sample
QQQ,US,2025-10-16,461.73,467.27,456.19,461.73,461.73,53900000,24887247000,sample
QQQ,US,2025-10-17,462.69,468.24,456.68,462.23,462.23,49000000,22649270000,sample
QQQ,US,2025-10-20,461.35,468.29,455.81,462.74,462.74,49490000,22901002600,sample
QQQ,US,2025-10-21,462.31,468.80,456.76,463.24,463.24,49980000,23152735200,sample
QQQ,US,2025-10-22,455.54,461.47,450.07,456.00,456.00,50470000,23014320000,sample
QQQ,US,2025-10-23,456.50,461.98,451.02,456.50,456.50,50960000,23263240000,sample
QQQ,US,2025-10-24,457.46,462.95,451.52,457.00,457.00,51450000,23512650000,sample
QQQ,US,2025-10-27,456.13,462.99,450.66,457.50,457.50,51940000,23762550000,sample
QQQ,US,2025-10-28,457.08,463.50,451.60,458.00,458.00,52430000,24012940000,sample
QQQ,US,2025-10-29,458.04,464.00,452.54,458.50,458.50,52920000,24263820000,sample
QQQ,US,2025-10-30,459.00,464.51,453.49,459.00,459.00,53410000,24515190000,sample
QQQ,US,2025-10-31,459.96,465.48,453.99,459.50,459.50,53900000,24767050000,sample
QQQ,US,2025-11-03,458.63,465.53,453.13,460.01,460.01,49000000,22540490000,sample
QQQ,US,2025-11-04,459.59,466.04,454.07,460.51,460.51,49490000,22790639900,sample
QQQ,US,2025-11-05,460.55,466.54,455.02,461.01,461.01,49980000,23041279800,sample
QQQ,US,2025-11-06,461.51,467.05,455.97,461.51,461.51,50470000,23292409700,sample
QQQ,US,2025-11-07,462.47,468.02,456.47,462.01,462.01,50960000,23544029600,sample
QQQ,US,2025-11-10,461.12,468.06,455.59,462.51,462.51,51450000,23796139500,sample
QQQ,US,2025-11-11,462.08,468.57,456.54,463.01,463.01,51940000,24048739400,sample
QQQ,US,2025-11-12,463.05,469.07,457.49,463.51,463.51,52430000,24301829300,sample
QQQ,US,2025-11-13,464.01,469.58,458.44,464.01,464.01,52920000,24555409200,sample
QQQ,US,2025-11-14,457.23,462.72,451.29,456.77,456.77,53410000,24396085700,sample
QQQ,US,2025-11-17,455.91,462.77,450.44,457.28,457.28,53900000,24647392000,sample
QQQ,US,2025-11-18,456.86,463.27,451.38,457.78,457.78,49000000,22431220000,sample
QQQ,US,2025-11-19,457.82,463.78,452.33,458.28,458.28,49490000,22680277200,sample
QQQ,US,2025-11-20,458.78,464.29,453.27,458.78,458.78,49980000,22929824400,sample
QQQ,US,2025-11-21,459.74,465.26,453.77,459.28,459.28,50470000,23179861600,sample
QQQ,US,2025-11-24,458.40,465.30,452.90,459.78,459.78,50960000,23430388800,sample
QQQ,US,2025-11-25,459.36,465.80,453.85,460.28,460.28,51450000,23681406000,sample
QQQ,US,2025-11-26,460.32,466.31,454.80,460.78,460.78,51940000,23932913200,sample
QQQ,US,2025-11-27,461.28,466.82,455.74,461.28,461.28,52430000,24184910400,sample
QQQ,US,2025-11-28,462.24,467.79,456.24,461.78,461.78,52920000,24437397600,sample
QQQ,US,2025-12-01,460.89,467.83,455.36,462.28,462.28,53410000,24690374800,sample
QQQ,US,2025-12-02,461.85,468.33,456.31,462.78,462.78,53900000,24943842000,sample
QQQ,US,2025-12-03,462.82,468.84,457.27,463.28,463.28,49000000,22700720000,sample
QQQ,US,2025-12-04,463.78,469.35,458.21,463.78,463.78,49490000,22952472200,sample
QQQ,US,2025-12-05,464.74,470.32,458.71,464.28,464.28,49980000,23204714400,sample
QQQ,US,2025-12-08,463.39,470.36,457.83,464.78,464.78,50470000,23457446600,sample
QQQ,US,2025-12-09,456.63,463.04,451.15,457.55,457.55,50960000,23316748000,sample
QQQ,US,2025-12-10,457.59,463.55,452.10,458.05,458.05,51450000,23566672500,sample
QQQ,US,2025-12-11,458.55,464.05,453.05,458.55,458.55,51940000,23817087000,sample
QQQ,US,2025-12-12,459.51,465.02,453.54,459.05,459.05,52430000,24067991500,sample
QQQ,US,2025-12-15,458.17,465.06,452.67,459.55,459.55,52920000,24319386000,sample
QQQ,US,2025-12-16,459.13,465.57,453.62,460.05,460.05,53410000,24571270500,sample
QQQ,US,2025-12-17,460.09,466.08,454.57,460.55,460.55,53900000,24823645000,sample
QQQ,US,2025-12-18,461.05,466.58,455.52,461.05,461.05,49000000,22591450000,sample
QQQ,US,2025-12-19,462.01,467.55,456.01,461.55,461.55,49490000,22842109500,sample
QQQ,US,2025-12-22,460.66,467.59,455.13,462.05,462.05,49980000,23093259000,sample
QQQ,US,2025-12-23,461.62,468.10,456.08,462.55,462.55,50470000,23344898500,sample
QQQ,US,2025-12-24,462.59,468.61,457.04,463.05,463.05,50960000,23597028000,sample
QQQ,US,2025-12-25,463.55,469.11,457.99,463.55,463.55,51450000,23849647500,sample
QQQ,US,2025-12-26,464.51,470.08,458.48,464.05,464.05,51940000,24102757000,sample
QQQ,US,2025-12-29,463.17,470.13,457.61,464.56,464.56,52430000,24356880800,sample
QQQ,US,2025-12-30,464.13,470.64,458.56,465.06,465.06,52920000,24610975200,sample
QQQ,US,2025-12-31,465.09,471.15,459.51,465.56,465.56,53410000,24865559600,sample
QQQ,US,2026-01-01,458.32,463.82,452.82,458.32,458.32,53900000,24703448000,sample
QQQ,US,2026-01-02,459.28,464.79,453.31,458.82,458.82,49000000,22482180000,sample
QQQ,US,2026-01-05,457.94,464.83,452.44,459.32,459.32,49490000,22731746800,sample
QQQ,US,2026-01-06,458.90,465.34,453.39,459.82,459.82,49980000,22981803600,sample
QQQ,US,2026-01-07,459.86,465.84,454.34,460.32,460.32,50470000,23232350400,sample
QQQ,US,2026-01-08,460.82,466.35,455.29,460.82,460.82,50960000,23483387200,sample
QQQ,US,2026-01-09,461.78,467.32,455.78,461.32,461.32,51450000,23734914000,sample
QQQ,US,2026-01-12,460.44,467.37,454.91,461.83,461.83,51940000,23987450200,sample
QQQ,US,2026-01-13,461.41,467.88,455.87,462.33,462.33,52430000,24239961900,sample
QQQ,US,2026-01-14,462.37,468.38,456.82,462.83,462.83,52920000,24492963600,sample
QQQ,US,2026-01-15,463.33,468.89,457.77,463.33,463.33,53410000,24746455300,sample
QQQ,US,2026-01-16,464.29,469.86,458.26,463.83,463.83,53900000,25000437000,sample
QQQ,US,2026-01-19,462.94,469.90,457.38,464.33,464.33,49000000,22752170000,sample
QQQ,US,2026-01-20,463.90,470.41,458.33,464.83,464.83,49490000,23004436700,sample
QQQ,US,2026-01-21,464.86,470.91,459.28,465.33,465.33,49980000,23257193400,sample
QQQ,US,2026-01-22,465.83,471.42,460.24,465.83,465.83,50470000,23510440100,sample
QQQ,US,2026-01-23,466.80,472.40,460.73,466.33,466.33,50960000,23764176800,sample
QQQ,US,2026-01-26,457.72,464.61,452.23,459.10,459.10,51450000,23620695000,sample
QQQ,US,2026-01-27,458.68,465.12,453.18,459.60,459.60,51940000,23871624000,sample
QQQ,US,2026-01-28,459.64,465.62,454.12,460.10,460.10,52430000,24123043000,sample
QQQ,US,2026-01-29,460.60,466.13,455.07,460.60,460.60,52920000,24374952000,sample
QQQ,US,2026-01-30,461.56,467.10,455.57,461.10,461.10,53410000,24627351000,sample
QQQ,US,2026-02-02,460.22,467.14,454.70,461.60,461.60,53900000,24880240000,sample
QQQ,US,2026-02-03,461.18,467.65,455.65,462.10,462.10,49000000,22642900000,sample
QQQ,US,2026-02-04,462.14,468.15,456.59,462.60,462.60,49490000,22894074000,sample
QQQ,US,2026-02-05,463.10,468.66,457.54,463.10,463.10,49980000,23145738000,sample
QQQ,US,2026-02-06,464.06,469.63,458.04,463.60,463.60,50470000,23397892000,sample
QQQ,US,2026-02-09,462.71,469.67,457.16,464.10,464.10,50960000,23650536000,sample
QQQ,US,2026-02-10,463.67,470.18,458.11,464.60,464.60,51450000,23903670000,sample
QQQ,US,2026-02-11,464.63,470.68,459.05,465.10,465.10,51940000,24157294000,sample
QQQ,US,2026-02-12,465.60,471.19,460.01,465.60,465.60,52430000,24411408000,sample
QQQ,US,2026-02-13,466.57,472.17,460.51,466.10,466.10,52920000,24666012000,sample
QQQ,US,2026-02-16,465.20,472.20,459.62,466.60,466.60,53410000,24921106000,sample
QQQ,US,2026-02-17,466.17,472.71,460.58,467.10,467.10,53900000,25176690000,sample
QQQ,US,2026-02-18,459.41,465.39,453.90,459.87,459.87,49000000,22533630000,sample
QQQ,US,2026-02-19,460.37,465.89,454.85,460.37,460.37,49490000,22783711300,sample
QQQ,US,2026-02-20,461.33,466.87,455.34,460.87,460.87,49980000,23034282600,sample
QQQ,US,2026-02-23,459.99,466.91,454.47,461.37,461.37,50470000,23285343900,sample
QQQ,US,2026-02-24,460.95,467.41,455.42,461.87,461.87,50960000,23536895200,sample
QQQ,US,2026-02-25,461.91,467.92,456.37,462.37,462.37,51450000,23788936500,sample
QQQ,US,2026-02-26,462.87,468.42,457.32,462.87,462.87,51940000,24041467800,sample
QQQ,US,2026-02-27,463.83,469.40,457.81,463.37,463.37,52430000,24294489100,sample
QQQ,US,2026-03-02,462.48,469.44,456.93,463.87,463.87,52920000,24548000400,sample
QQQ,US,2026-03-03,463.44,469.94,457.88,464.37,464.37,53410000,24802001700,sample
QQQ,US,2026-03-04,464.41,470.45,458.84,464.87,464.87,53900000,25056493000,sample
QQQ,US,2026-03-05,465.37,470.95,459.79,465.37,465.37,49000000,22803130000,sample
QQQ,US,2026-03-06,466.34,471.94,460.28,465.87,465.87,49490000,23055906300,sample
QQQ,US,2026-03-09,464.98,471.98,459.40,466.38,466.38,49980000,23309672400,sample
QQQ,US,2026-03-10,465.95,472.48,460.36,466.88,466.88,50470000,23563433600,sample
QQQ,US,2026-03-11,466.91,472.99,461.31,467.38,467.38,50960000,23817684800,sample
QQQ,US,2026-03-12,467.88,473.49,462.27,467.88,467.88,51450000,24072426000,sample
QQQ,US,2026-03-13,461.10,466.63,455.11,460.64,460.64,51940000,23925641600,sample
QQQ,US,2026-03-16,459.76,466.67,454.24,461.14,461.14,52430000,24177570200,sample
QQQ,US,2026-03-17,460.72,467.18,455.19,461.64,461.64,52920000,24429988800,sample
QQQ,US,2026-03-18,461.68,467.69,456.14,462.14,462.14,53410000,24682897400,sample
QQQ,US,2026-03-19,462.64,468.19,457.09,462.64,462.64,53900000,24936296000,sample
QQQ,US,2026-03-20,463.60,469.16,457.58,463.14,463.14,49000000,22693860000,sample
QQQ,US,2026-03-23,462.26,469.21,456.71,463.65,463.65,49490000,22946038500,sample
QQQ,US,2026-03-24,463.22,469.72,457.66,464.15,464.15,49980000,23198217000,sample
QQQ,US,2026-03-25,464.19,470.23,458.62,464.65,464.65,50470000,23450885500,sample
QQQ,US,2026-03-26,465.15,470.73,459.57,465.15,465.15,50960000,23704044000,sample
QQQ,US,2026-03-27,466.12,471.71,460.06,465.65,465.65,51450000,23957692500,sample
QQQ,US,2026-03-30,464.75,471.74,459.17,466.15,466.15,51940000,24211831000,sample
QQQ,US,2026-03-31,465.72,472.25,460.13,466.65,466.65,52430000,24466459500,sample
QQQ,US,2026-04-01,466.68,472.76,461.08,467.15,467.15,52920000,24721578000,sample
QQQ,US,2026-04-02,467.65,473.26,462.04,467.65,467.65,53410000,24977186500,sample
QQQ,US,2026-04-03,468.62,474.24,462.53,468.15,468.15,53900000,25233285000,sample
QQQ,US,2026-04-06,467.24,474.27,461.63,468.65,468.65,49000000,22963850000,sample
QQQ,US,2026-04-07,460.50,466.96,454.97,461.42,461.42,49490000,22835675800,sample
QQQ,US,2026-04-08,461.46,467.46,455.92,461.92,461.92,49980000,23086761600,sample
QQQ,US,2026-04-09,462.42,467.97,456.87,462.42,462.42,50470000,23338337400,sample
QQQ,US,2026-04-10,463.38,468.94,457.36,462.92,462.92,50960000,23590403200,sample
QQQ,US,2026-04-13,462.03,468.98,456.49,463.42,463.42,51450000,23842959000,sample
QQQ,US,2026-04-14,462.99,469.49,457.43,463.92,463.92,51940000,24096004800,sample
QQQ,US,2026-04-15,463.96,469.99,458.39,464.42,464.42,52430000,24349540600,sample
QQQ,US,2026-04-16,464.92,470.50,459.34,464.92,464.92,52920000,24603566400,sample
QQQ,US,2026-04-17,465.89,471.48,459.83,465.42,465.42,53410000,24858082200,sample
QQQ,US,2026-04-20,464.52,471.51,458.95,465.92,465.92,53900000,25113088000,sample
QQQ,US,2026-04-21,465.49,472.02,459.90,466.42,466.42,49000000,22854580000,sample
QQQ,US,2026-04-22,466.45,472.52,460.85,466.92,466.92,49490000,23107870800,sample
QQQ,US,2026-04-23,467.42,473.03,461.81,467.42,467.42,49980000,23361651600,sample
QQQ,US,2026-04-24,468.39,474.01,462.30,467.92,467.92,50470000,23615922400,sample
QQQ,US,2026-04-27,467.01,474.04,461.41,468.42,468.42,50960000,23870683200,sample
QQQ,US,2026-04-28,467.98,474.55,462.36,468.92,468.92,51450000,24125934000,sample
QQQ,US,2026-04-29,468.95,475.05,463.32,469.42,469.42,51940000,24381674800,sample
QQQ,US,2026-04-30,462.19,467.74,456.64,462.19,462.19,52430000,24232621700,sample
QQQ,US,2026-05-01,463.15,468.71,457.14,462.69,462.69,52920000,24485554800,sample
QQQ,US,2026-05-04,461.80,468.75,456.26,463.19,463.19,53410000,24738977900,sample
QQQ,US,2026-05-05,462.76,469.25,457.21,463.69,463.69,53900000,24992891000,sample
QQQ,US,2026-05-06,463.73,469.76,458.17,464.19,464.19,49000000,22745310000,sample
QQQ,US,2026-05-07,464.69,470.27,459.11,464.69,464.69,49490000,22997508100,sample
QQQ,US,2026-05-08,465.66,471.25,459.61,465.19,465.19,49980000,23250196200,sample
QQQ,US,2026-05-11,464.29,471.28,458.72,465.69,465.69,50470000,23503374300,sample
QQQ,US,2026-05-12,465.26,471.78,459.68,466.19,466.19,50960000,23757042400,sample
QQQ,US,2026-05-13,466.22,472.29,460.63,466.69,466.69,51450000,24011200500,sample
QQQ,US,2026-05-14,467.19,472.80,461.58,467.19,467.19,51940000,24265848600,sample
QQQ,US,2026-05-15,468.16,473.78,462.08,467.69,467.69,52430000,24520986700,sample
QQQ,US,2026-05-18,466.80,473.82,461.20,468.20,468.20,52920000,24777144000,sample
QQQ,US,2026-05-19,467.76,474.32,462.15,468.70,468.70,53410000,25033267000,sample
QQQ,US,2026-05-20,468.73,474.83,463.11,469.20,469.20,53900000,25289880000,sample
QQQ,US,2026-05-21,469.70,475.34,464.06,469.70,469.70,49000000,23015300000,sample
QQQ,US,2026-05-22,470.67,476.32,464.56,470.20,470.20,49490000,23270198000,sample
QQQ,US,2026-05-25,461.57,468.52,456.03,462.96,462.96,49980000,23138740800,sample
QQQ,US,2026-05-26,462.53,469.02,456.98,463.46,463.46,50470000,23390826200,sample
QQQ,US,2026-05-27,463.50,469.53,457.94,463.96,463.96,50960000,23643401600,sample
QQQ,US,2026-05-28,464.46,470.03,458.89,464.46,464.46,51450000,23896467000,sample
QQQ,US,2026-05-29,465.42,471.01,459.38,464.96,464.96,51940000,24150022400,sample
KODEX200,KR,2025-06-02,36099.38,36642.50,35666.19,36208.00,36208.00,4100000,148452800000,sample
KODEX200,KR,2025-06-03,36175.65,36683.13,35741.54,36248.15,36248.15,4141000,150103589150,sample
KODEX200,KR,2025-06-04,36252.01,36723.76,35816.99,36288.30,36288.30,4182000,151757670600,sample
KODEX200,KR,2025-06-05,36328.45,36764.39,35892.51,36328.45,36328.45,4223000,153415044350,sample
KODEX200,KR,2025-06-06,36404.97,36841.83,35932.18,36368.60,36368.60,4264000,155075710400,sample
KODEX200,KR,2025-06-09,36299.52,36845.66,35863.93,36408.75,36408.75,4305000,156739668750,sample
KODEX200,KR,2025-06-10,36376.00,36886.29,35939.49,36448.90,36448.90,4346000,158406919400,sample
KODEX200,KR,2025-06-11,36452.56,36926.92,36015.13,36489.05,36489.05,4387000,160077462350,sample
KODEX200,KR,2025-06-12,36529.20,36967.55,36090.85,36529.20,36529.20,4428000,161751297600,sample
KODEX200,KR,2025-06-13,36605.92,37045.19,36130.52,36569.35,36569.35,4469000,163428425150,sample
KODEX200,KR,2025-06-16,36499.67,37048.81,36061.67,36609.50,36609.50,4510000,165108845000,sample
KODEX200,KR,2025-06-17,36576.35,37089.45,36137.43,36649.65,36649.65,4100000,150263565000,sample
KODEX200,KR,2025-06-18,36653.11,37130.08,36213.27,36689.80,36689.80,4141000,151932461800,sample
KODEX200,KR,2025-06-19,36729.95,37170.71,36289.19,36729.95,36729.95,4182000,153604650900,sample
KODEX200,KR,2025-06-20,36806.87,37248.55,36328.86,36770.10,36770.10,4223000,155280132300,sample
KODEX200,KR,2025-06-23,36699.82,37251.97,36259.42,36810.25,36810.25,4264000,156958906000,sample
KODEX200,KR,2025-06-24,36776.70,37292.60,36335.38,36850.40,36850.40,4305000,158640972000,sample
KODEX200,KR,2025-06-25,36233.78,36705.29,35798.97,36270.05,36270.05,4346000,157629637300,sample
KODEX200,KR,2025-06-26,36310.20,36745.92,35874.48,36310.20,36310.20,4387000,159292847400,sample
KODEX200,KR,2025-06-27,36386.70,36823.34,35914.15,36350.35,36350.35,4428000,160959349800,sample
KODEX200,KR,2025-06-30,36281.33,36827.19,35845.95,36390.50,36390.50,4469000,162629144500,sample
KODEX200,KR,2025-07-01,36357.79,36867.82,35921.50,36430.65,36430.65,4510000,164302231500,sample
KODEX200,KR,2025-07-02,36434.33,36908.45,35997.12,36470.80,36470.80,4100000,149530280000,sample
KODEX200,KR,2025-07-03,36510.95,36949.08,36072.82,36510.95,36510.95,4141000,151191843950,sample
KODEX200,KR,2025-07-04,36587.65,37026.70,36112.49,36551.10,36551.10,4182000,152856700200,sample
KODEX200,KR,2025-07-07,36481.48,37030.35,36043.70,36591.25,36591.25,4223000,154524848750,sample
KODEX200,KR,2025-07-08,36558.14,37070.98,36119.44,36631.40,36631.40,4264000,156196289600,sample
KODEX200,KR,2025-07-09,36634.88,37111.61,36195.26,36671.55,36671.55,4305000,157871022750,sample
KODEX200,KR,2025-07-10,36711.70,37152.24,36271.16,36711.70,36711.70,4346000,159549048200,sample
KODEX200,KR,2025-07-11,36788.60,37230.06,36310.83,36751.85,36751.85,4387000,161230365950,sample
KODEX200,KR,2025-07-14,36681.62,37233.50,36241.44,36792.00,36792.00,4428000,162914976000,sample
KODEX200,KR,2025-07-15,36758.49,37274.14,36317.39,36832.15,36832.15,4469000,164602878350,sample
KODEX200,KR,2025-07-16,36835.43,37314.77,36393.40,36872.30,36872.30,4510000,166294073000,sample
KODEX200,KR,2025-07-17,36912.45,37355.40,36469.50,36912.45,36912.45,4100000,151341045000,sample
KODEX200,KR,2025-07-18,36368.43,36804.85,35896.11,36332.10,36332.10,4141000,150451226100,sample
KODEX200,KR,2025-07-21,36263.13,36808.72,35827.97,36372.25,36372.25,4182000,152108749500,sample
KODEX200,KR,2025-07-22,36339.58,36849.35,35903.51,36412.40,36412.40,4223000,153769565200,sample
KODEX200,KR,2025-07-23,36416.10,36889.98,35979.11,36452.55,36452.55,4264000,155433673200,sample
KODEX200,KR,2025-07-24,36492.70,36930.61,36054.79,36492.70,36492.70,4305000,157101073500,sample
KODEX200,KR,2025-07-25,36569.38,37008.21,36094.46,36532.85,36532.85,4346000,158771766100,sample
KODEX200,KR,2025-07-28,36463.28,37011.88,36025.72,36573.00,36573.00,4387000,160445751000,sample
KODEX200,KR,2025-07-29,36539.92,37052.51,36101.44,36613.15,36613.15,4428000,162123028200,sample
KODEX200,KR,2025-07-30,36616.65,37093.14,36177.25,36653.30,36653.30,4469000,163803597700,sample
KODEX200,KR,2025-07-31,36693.45,37133.77,36253.13,36693.45,36693.45,4510000,165487459500,sample
KODEX200,KR,2025-08-01,36770.33,37211.57,36292.80,36733.60,36733.60,4100000,150607760000,sample
KODEX200,KR,2025-08-04,36663.43,37215.04,36223.47,36773.75,36773.75,4141000,152280098750,sample
KODEX200,KR,2025-08-05,36740.27,37255.67,36299.39,36813.90,36813.90,4182000,153955729800,sample
KODEX200,KR,2025-08-06,36817.20,37296.30,36375.39,36854.05,36854.05,4223000,155634653150,sample
KODEX200,KR,2025-08-07,36894.20,37336.93,36451.47,36894.20,36894.20,4264000,157316868800,sample
KODEX200,KR,2025-08-08,36971.28,37414.94,36491.14,36934.35,36934.35,4305000,159002376750,sample
KODEX200,KR,2025-08-11,36863.58,37418.19,36421.22,36974.50,36974.50,4346000,160691177000,sample
KODEX200,KR,2025-08-12,36321.36,36830.88,35885.50,36394.15,36394.15,4387000,159661136050,sample
KODEX200,KR,2025-08-13,36397.87,36871.51,35961.10,36434.30,36434.30,4428000,161331080400,sample
KODEX200,KR,2025-08-14,36474.45,36912.14,36036.76,36474.45,36474.45,4469000,163004317050,sample
KODEX200,KR,2025-08-15,36551.11,36989.72,36076.42,36514.60,36514.60,4510000,164680846000,sample
KODEX200,KR,2025-08-18,36445.09,36993.41,36007.75,36554.75,36554.75,4100000,149874475000,sample
KODEX200,KR,2025-08-19,36521.71,37034.04,36083.45,36594.90,36594.90,4141000,151539480900,sample
KODEX200,KR,2025-08-20,36598.41,37074.67,36159.23,36635.05,36635.05,4182000,153207779100,sample
KODEX200,KR,2025-08-21,36675.20,37115.30,36235.10,36675.20,36675.20,4223000,154879369600,sample
KODEX200,KR,2025-08-22,36752.07,37193.09,36274.77,36715.35,36715.35,4264000,156554252400,sample
KODEX200,KR,2025-08-25,36645.23,37196.57,36205.49,36755.50,36755.50,4305000,158232427500,sample
KODEX200,KR,2025-08-26,36722.06,37237.20,36281.40,36795.65,36795.65,4346000,159913894900,sample
KODEX200,KR,2025-08-27,36798.96,37277.83,36357.37,36835.80,36835.80,4387000,161598654600,sample
KODEX200,KR,2025-08-28,36875.95,37318.46,36433.44,36875.95,36875.95,4428000,163286706600,sample
KODEX200,KR,2025-08-29,36953.02,37396.46,36473.11,36916.10,36916.10,4469000,164978050900,sample
KODEX200,KR,2025-09-01,36845.38,37399.73,36403.24,36956.25,36956.25,4510000,166672687500,sample
KODEX200,KR,2025-09-02,36922.41,37440.36,36479.34,36996.40,36996.40,4100000,151685240000,sample
KODEX200,KR,2025-09-03,36999.51,37480.99,36555.52,37036.55,37036.55,4141000,153368353550,sample
KODEX200,KR,2025-09-04,36456.20,36893.67,36018.73,36456.20,36456.20,4182000,152459828400,sample
KODEX200,KR,2025-09-05,36532.85,36971.24,36058.39,36496.35,36496.35,4223000,154124086050,sample
KODEX200,KR,2025-09-08,36426.89,36974.94,35989.77,36536.50,36536.50,4264000,155791636000,sample
KODEX200,KR,2025-09-09,36503.50,37015.57,36065.46,36576.65,36576.65,4305000,157462478250,sample
KODEX200,KR,2025-09-10,36580.18,37056.20,36141.22,36616.80,36616.80,4346000,159136612800,sample
KODEX200,KR,2025-09-11,36656.95,37096.83,36217.07,36656.95,36656.95,4387000,160814039650,sample
KODEX200,KR,2025-09-12,36733.80,37174.61,36256.73,36697.10,36697.10,4428000,162494758800,sample
KODEX200,KR,2025-09-15,36627.04,37178.10,36187.52,36737.25,36737.25,4469000,164178770250,sample
KODEX200,KR,2025-09-16,36703.85,37218.73,36263.40,36777.40,36777.40,4510000,165866074000,sample
KODEX200,KR,2025-09-17,36780.73,37259.36,36339.36,36817.55,36817.55,4100000,150951955000,sample
KODEX200,KR,2025-09-18,36857.70,37299.99,36415.41,36857.70,36857.70,4141000,152627735700,sample
KODEX200,KR,2025-09-19,36934.75,37377.97,36455.08,36897.85,36897.85,4182000,154306808700,sample
KODEX200,KR,2025-09-22,36827.19,37381.26,36385.26,36938.00,36938.00,4223000,155989174000,sample
KODEX200,KR,2025-09-23,36904.19,37421.89,36461.34,36978.15,36978.15,4264000,157674831600,sample
KODEX200,KR,2025-09-24,36981.28,37462.52,36537.50,37018.30,37018.30,4305000,159363781500,sample
KODEX200,KR,2025-09-25,37058.45,37503.15,36613.75,37058.45,37058.45,4346000,161056023700,sample
KODEX200,KR,2025-09-26,37135.70,37581.33,36653.42,37098.60,37098.60,4387000,162751558200,sample
KODEX200,KR,2025-09-29,36408.70,36956.47,35971.80,36518.25,36518.25,4428000,161702811000,sample
KODEX200,KR,2025-09-30,36485.28,36997.10,36047.46,36558.40,36558.40,4469000,163379489600,sample
KODEX200,KR,2025-10-01,36561.95,37037.73,36123.21,36598.55,36598.55,4510000,165059460500,sample
KODEX200,KR,2025-10-02,36638.70,37078.36,36199.04,36638.70,36638.70,4100000,150218670000,sample
KODEX200,KR,2025-10-03,36715.53,37156.12,36238.70,36678.85,36678.85,4141000,151887117850,sample
KODEX200,KR,2025-10-06,36608.84,37159.63,36169.53,36719.00,36719.00,4182000,153558858000,sample
KODEX200,KR,2025-10-07,36685.63,37200.26,36245.40,36759.15,36759.15,4223000,155233890450,sample
KODEX200,KR,2025-10-08,36762.50,37240.89,36321.35,36799.30,36799.30,4264000,156912215200,sample
KODEX200,KR,2025-10-09,36839.45,37281.52,36397.38,36839.45,36839.45,4305000,158593832250,sample
KODEX200,KR,2025-10-10,36916.48,37359.48,36437.04,36879.60,36879.60,4346000,160278741600,sample
KODEX200,KR,2025-10-13,36808.99,37362.79,36367.28,36919.75,36919.75,4387000,161966943250,sample
KODEX200,KR,2025-10-14,36885.98,37403.42,36443.35,36959.90,36959.90,4428000,163658437200,sample
KODEX200,KR,2025-10-15,36963.05,37444.05,36519.49,37000.05,37000.05,4469000,165353223450,sample
KODEX200,KR,2025-10-16,37040.20,37484.68,36595.72,37040.20,37040.20,4510000,167051302000,sample
KODEX200,KR,2025-10-17,37117.43,37562.84,36635.39,37080.35,37080.35,4100000,152029435000,sample
KODEX200,KR,2025-10-20,37009.14,37565.95,36565.03,37120.50,37120.50,4141000,153715990500,sample
KODEX200,KR,2025-10-21,37086.33,37606.58,36641.29,37160.65,37160.65,4182000,155405838300,sample
KODEX200,KR,2025-10-22,36543.72,37019.26,36105.20,36580.30,36580.30,4223000,154478606900,sample
KODEX200,KR,2025-10-23,36620.45,37059.90,36181.00,36620.45,36620.45,4264000,156149598800,sample
KODEX200,KR,2025-10-24,36697.26,37137.63,36220.67,36660.60,36660.60,4305000,157823883000,sample
KODEX200,KR,2025-10-27,36590.65,37141.16,36151.56,36700.75,36700.75,4346000,159501459500,sample
KODEX200,KR,2025-10-28,36667.42,37181.79,36227.41,36740.90,36740.90,4387000,161182328300,sample
KODEX200,KR,2025-10-29,36744.27,37222.42,36303.34,36781.05,36781.05,4428000,162866489400,sample
KODEX200,KR,2025-10-30,36821.20,37263.05,36379.35,36821.20,36821.20,4469000,164553942800,sample
KODEX200,KR,2025-10-31,36898.21,37340.99,36419.01,36861.35,36861.35,4510000,166244688500,sample
KODEX200,KR,2025-11-03,36790.80,37344.32,36349.31,36901.50,36901.50,4100000,151296150000,sample
KODEX200,KR,2025-11-04,36867.77,37384.95,36425.36,36941.65,36941.65,4141000,152975372650,sample
KODEX200,KR,2025-11-05,36944.82,37425.58,36501.48,36981.80,36981.80,4182000,154657887600,sample
KODEX200,KR,2025-11-06,37021.95,37466.21,36577.69,37021.95,37021.95,4223000,156343694850,sample
KODEX200,KR,2025-11-07,37099.16,37544.35,36617.35,37062.10,37062.10,4264000,158032794400,sample
KODEX200,KR,2025-11-10,36990.94,37547.48,36547.05,37102.25,37102.25,4305000,159725186250,sample
KODEX200,KR,2025-11-11,37068.12,37588.11,36623.30,37142.40,37142.40,4346000,161420870400,sample
KODEX200,KR,2025-11-12,37145.37,37628.74,36699.63,37182.55,37182.55,4387000,163119846850,sample
KODEX200,KR,2025-11-13,37222.70,37669.37,36776.03,37222.70,37222.70,4428000,164822115600,sample
KODEX200,KR,2025-11-14,36678.99,37119.14,36202.64,36642.35,36642.35,4469000,163754662150,sample
KODEX200,KR,2025-11-17,36572.45,37122.69,36133.58,36682.50,36682.50,4510000,165438075000,sample
KODEX200,KR,2025-11-18,36649.20,37163.32,36209.41,36722.65,36722.65,4100000,150562865000,sample
KODEX200,KR,2025-11-19,36726.04,37203.95,36285.33,36762.80,36762.80,4141000,152234754800,sample
KODEX200,KR,2025-11-20,36802.95,37244.59,36361.31,36802.95,36802.95,4182000,153909936900,sample
KODEX200,KR,2025-11-21,36879.94,37322.50,36400.98,36843.10,36843.10,4223000,155588411300,sample
KODEX200,KR,2025-11-24,36772.60,37325.85,36331.33,36883.25,36883.25,4264000,157270178000,sample
KODEX200,KR,2025-11-25,36849.55,37366.48,36407.36,36923.40,36923.40,4305000,158955237000,sample
KODEX200,KR,2025-11-26,36926.59,37407.11,36483.47,36963.55,36963.55,4346000,160643588300,sample
KODEX200,KR,2025-11-27,37003.70,37447.74,36559.66,37003.70,37003.70,4387000,162335231900,sample
KODEX200,KR,2025-11-28,37080.89,37525.86,36599.32,37043.85,37043.85,4428000,164030167800,sample
KODEX200,KR,2025-12-01,36972.75,37529.01,36529.08,37084.00,37084.00,4469000,165728396000,sample
KODEX200,KR,2025-12-02,37049.90,37569.64,36605.30,37124.15,37124.15,4510000,167429916500,sample
KODEX200,KR,2025-12-03,37127.14,37610.27,36681.61,37164.30,37164.30,4100000,152373630000,sample
KODEX200,KR,2025-12-04,37204.45,37650.90,36758.00,37204.45,37204.45,4141000,154063627450,sample
KODEX200,KR,2025-12-05,37281.84,37729.22,36797.66,37244.60,37244.60,4182000,155756917200,sample
KODEX200,KR,2025-12-08,37172.90,37732.17,36726.83,37284.75,37284.75,4223000,157453499250,sample
KODEX200,KR,2025-12-09,36630.99,37144.85,36191.42,36704.40,36704.40,4264000,156507561600,sample
KODEX200,KR,2025-12-10,36707.81,37185.48,36267.32,36744.55,36744.55,4305000,158185287750,sample
KODEX200,KR,2025-12-11,36784.70,37226.12,36343.28,36784.70,36784.70,4346000,159866306200,sample
KODEX200,KR,2025-12-12,36861.67,37304.01,36382.95,36824.85,36824.85,4387000,161550616950,sample
KODEX200,KR,2025-12-15,36754.41,37307.38,36313.36,36865.00,36865.00,4428000,163238220000,sample
KODEX200,KR,2025-12-16,36831.34,37348.01,36389.36,36905.15,36905.15,4469000,164929115350,sample
KODEX200,KR,2025-12-17,36908.35,37388.64,36465.45,36945.30,36945.30,4510000,166623303000,sample
KODEX200,KR,2025-12-18,36985.45,37429.28,36541.62,36985.45,36985.45,4100000,151640345000,sample
KODEX200,KR,2025-12-19,37062.63,37507.38,36581.29,37025.60,37025.60,4141000,153323009600,sample
KODEX200,KR,2025-12-22,36954.55,37510.54,36511.10,37065.75,37065.75,4182000,155008966500,sample
KODEX200,KR,2025-12-23,37031.69,37551.17,36587.31,37105.90,37105.90,4223000,156698215700,sample
KODEX200,KR,2025-12-24,37108.90,37591.80,36663.59,37146.05,37146.05,4264000,158390757200,sample
KODEX200,KR,2025-12-25,37186.20,37632.43,36739.97,37186.20,37186.20,4305000,160086591000,sample
KODEX200,KR,2025-12-26,37263.58,37710.74,36779.63,37226.35,37226.35,4346000,161785717100,sample
KODEX200,KR,2025-12-29,37154.70,37713.70,36708.84,37266.50,37266.50,4387000,163488135500,sample
KODEX200,KR,2025-12-30,37232.04,37754.33,36785.26,37306.65,37306.65,4428000,165193846200,sample
KODEX200,KR,2025-12-31,37309.45,37794.96,36861.74,37346.80,37346.80,4469000,166902849200,sample
KODEX200,KR,2026-01-01,36766.45,37207.65,36325.25,36766.45,36766.45,4510000,165816689500,sample
KODEX200,KR,2026-01-02,36843.41,37285.53,36364.92,36806.60,36806.60,4100000,150907060000,sample
KODEX200,KR,2026-01-05,36736.21,37288.91,36295.38,36846.75,36846.75,4141000,152582391750,sample
KODEX200,KR,2026-01-06,36813.13,37329.54,36371.37,36886.90,36886.90,4182000,154261015800,sample
KODEX200,KR,2026-01-07,36890.12,37370.17,36447.44,36927.05,36927.05,4223000,155942932150,sample
KODEX200,KR,2026-01-08,36967.20,37410.81,36523.59,36967.20,36967.20,4264000,157628140800,sample
KODEX200,KR,2026-01-09,37044.36,37488.89,36563.26,37007.35,37007.35,4305000,159316641750,sample
KODEX200,KR,2026-01-12,36936.36,37492.07,36493.12,37047.50,37047.50,4346000,161008435000,sample
KODEX200,KR,2026-01-13,37013.47,37532.70,36569.31,37087.65,37087.65,4387000,162703520550,sample
KODEX200,KR,2026-01-14,37090.67,37573.33,36645.58,37127.80,37127.80,4428000,164401898400,sample
KODEX200,KR,2026-01-15,37167.95,37613.97,36721.93,37167.95,37167.95,4469000,166103568550,sample
KODEX200,KR,2026-01-16,37245.31,37692.25,36761.60,37208.10,37208.10,4510000,167808531000,sample
KODEX200,KR,2026-01-19,37136.51,37695.23,36690.87,37248.25,37248.25,4100000,152717825000,sample
KODEX200,KR,2026-01-20,37213.82,37735.86,36767.25,37288.40,37288.40,4141000,154411264400,sample
KODEX200,KR,2026-01-21,37291.22,37776.49,36843.73,37328.55,37328.55,4182000,156107996100,sample
KODEX200,KR,2026-01-22,37368.70,37817.12,36920.28,37368.70,37368.70,4223000,157808020100,sample
KODEX200,KR,2026-01-23,37446.26,37895.62,36959.94,37408.85,37408.85,4264000,159511336400,sample
KODEX200,KR,2026-01-26,36718.01,37270.44,36277.39,36828.50,36828.50,4305000,158546692500,sample
KODEX200,KR,2026-01-27,36794.91,37311.07,36353.37,36868.65,36868.65,4346000,160231152900,sample
KODEX200,KR,2026-01-28,36871.89,37351.71,36429.43,36908.80,36908.80,4387000,161918905600,sample
KODEX200,KR,2026-01-29,36948.95,37392.34,36505.56,36948.95,36948.95,4428000,163609950600,sample
KODEX200,KR,2026-01-30,37026.09,37470.40,36545.23,36989.10,36989.10,4469000,165304287900,sample
KODEX200,KR,2026-02-02,36918.16,37473.60,36475.14,37029.25,37029.25,4510000,167001917500,sample
KODEX200,KR,2026-02-03,36995.26,37514.23,36551.32,37069.40,37069.40,4100000,151984540000,sample
KODEX200,KR,2026-02-04,37072.44,37554.86,36627.57,37109.55,37109.55,4141000,153670646550,sample
KODEX200,KR,2026-02-05,37149.70,37595.50,36703.90,37149.70,37149.70,4182000,155360045400,sample
KODEX200,KR,2026-02-06,37227.04,37673.76,36743.57,37189.85,37189.85,4223000,157052736550,sample
KODEX200,KR,2026-02-09,37118.31,37676.76,36672.89,37230.00,37230.00,4264000,158748720000,sample
KODEX200,KR,2026-02-10,37195.61,37717.39,36749.26,37270.15,37270.15,4305000,160447995750,sample
KODEX200,KR,2026-02-11,37272.99,37758.02,36825.71,37310.30,37310.30,4346000,162150563800,sample
KODEX200,KR,2026-02-12,37350.45,37798.66,36902.24,37350.45,37350.45,4387000,163856424150,sample
KODEX200,KR,2026-02-13,37427.99,37877.13,36941.91,37390.60,37390.60,4428000,165565576800,sample
KODEX200,KR,2026-02-16,37318.46,37879.92,36870.64,37430.75,37430.75,4469000,167278021750,sample
KODEX200,KR,2026-02-17,37395.96,37920.55,36947.21,37470.90,37470.90,4510000,168993759000,sample
KODEX200,KR,2026-02-18,36853.66,37333.24,36411.42,36890.55,36890.55,4100000,151251255000,sample
KODEX200,KR,2026-02-19,36930.70,37373.87,36487.53,36930.70,36930.70,4141000,152930028700,sample
KODEX200,KR,2026-02-20,37007.82,37451.91,36527.20,36970.85,36970.85,4182000,154612094700,sample
KODEX200,KR,2026-02-23,36899.97,37455.13,36457.17,37011.00,37011.00,4223000,156297453000,sample
KODEX200,KR,2026-02-24,36977.05,37495.76,36533.33,37051.15,37051.15,4264000,157986103600,sample
KODEX200,KR,2026-02-25,37054.21,37536.40,36609.56,37091.30,37091.30,4305000,159678046500,sample
KODEX200,KR,2026-02-26,37131.45,37577.03,36685.87,37131.45,37131.45,4346000,161373281700,sample
KODEX200,KR,2026-02-27,37208.77,37655.28,36725.54,37171.60,37171.60,4387000,163071809200,sample
KODEX200,KR,2026-03-02,37100.11,37658.29,36654.91,37211.75,37211.75,4428000,164773629000,sample
KODEX200,KR,2026-03-03,37177.40,37698.92,36731.27,37251.90,37251.90,4469000,166478741100,sample
KODEX200,KR,2026-03-04,37254.76,37739.55,36807.70,37292.05,37292.05,4510000,168187145500,sample
KODEX200,KR,2026-03-05,37332.20,37780.19,36884.21,37332.20,37332.20,4100000,153062020000,sample
KODEX200,KR,2026-03-06,37409.72,37858.64,36923.88,37372.35,37372.35,4141000,154758901350,sample
KODEX200,KR,2026-03-09,37300.26,37861.45,36852.66,37412.50,37412.50,4182000,156459075000,sample
KODEX200,KR,2026-03-10,37377.74,37902.08,36929.21,37452.65,37452.65,4223000,158162540950,sample
KODEX200,KR,2026-03-11,37455.31,37942.71,37005.85,37492.80,37492.80,4264000,159869299200,sample
KODEX200,KR,2026-03-12,37532.95,37983.35,37082.55,37532.95,37532.95,4305000,161579349750,sample
KODEX200,KR,2026-03-13,36989.55,37433.42,36509.17,36952.60,36952.60,4346000,160595999600,sample
KODEX200,KR,2026-03-16,36881.77,37436.66,36439.19,36992.75,36992.75,4387000,162287194250,sample
KODEX200,KR,2026-03-17,36958.83,37477.29,36515.32,37032.90,37032.90,4428000,163981681200,sample
KODEX200,KR,2026-03-18,37035.98,37517.93,36591.55,37073.05,37073.05,4469000,165679460450,sample
KODEX200,KR,2026-03-19,37113.20,37558.56,36667.84,37113.20,37113.20,4510000,167380532000,sample
KODEX200,KR,2026-03-20,37190.50,37636.79,36707.51,37153.35,37153.35,4100000,152328735000,sample
KODEX200,KR,2026-03-23,37081.92,37639.82,36636.94,37193.50,37193.50,4141000,154018283500,sample
KODEX200,KR,2026-03-24,37159.18,37680.45,36713.27,37233.65,37233.65,4182000,155711124300,sample
KODEX200,KR,2026-03-25,37236.53,37721.09,36789.69,37273.80,37273.80,4223000,157407257400,sample
KODEX200,KR,2026-03-26,37313.95,37761.72,36866.18,37313.95,37313.95,4264000,159106682800,sample
KODEX200,KR,2026-03-27,37391.45,37840.15,36905.85,37354.10,37354.10,4305000,160809400500,sample
KODEX200,KR,2026-03-30,37282.07,37842.98,36834.69,37394.25,37394.25,4346000,162515410500,sample
KODEX200,KR,2026-03-31,37359.53,37883.61,36911.22,37434.40,37434.40,4387000,164224712800,sample
KODEX200,KR,2026-04-01,37437.08,37924.24,36987.84,37474.55,37474.55,4428000,165937307400,sample
KODEX200,KR,2026-04-02,37514.70,37964.88,37064.52,37514.70,37514.70,4469000,167653194300,sample
KODEX200,KR,2026-04-03,37592.40,38043.51,37104.19,37554.85,37554.85,4510000,169372373500,sample
KODEX200,KR,2026-04-06,37482.22,38046.14,37032.43,37595.00,37595.00,4100000,154139500000,sample
KODEX200,KR,2026-04-07,36940.62,37458.83,36497.33,37014.65,37014.65,4141000,153277665650,sample
KODEX200,KR,2026-04-08,37017.75,37499.46,36573.54,37054.80,37054.80,4182000,154963173600,sample
KODEX200,KR,2026-04-09,37094.95,37540.09,36649.81,37094.95,37094.95,4223000,156651973850,sample
KODEX200,KR,2026-04-10,37172.24,37618.31,36689.48,37135.10,37135.10,4264000,158344066400,sample
KODEX200,KR,2026-04-13,37063.72,37621.35,36618.96,37175.25,37175.25,4305000,160039451250,sample
KODEX200,KR,2026-04-14,37140.97,37661.98,36695.28,37215.40,37215.40,4346000,161738128400,sample
KODEX200,KR,2026-04-15,37218.29,37702.62,36771.67,37255.55,37255.55,4387000,163440097850,sample
KODEX200,KR,2026-04-16,37295.70,37743.25,36848.15,37295.70,37295.70,4428000,165145359600,sample
KODEX200,KR,2026-04-17,37373.19,37821.67,36887.82,37335.85,37335.85,4469000,166853913650,sample
KODEX200,KR,2026-04-20,37263.87,37824.51,36816.70,37376.00,37376.00,4510000,168565760000,sample
KODEX200,KR,2026-04-21,37341.32,37865.14,36893.22,37416.15,37416.15,4100000,153406215000,sample
KODEX200,KR,2026-04-22,37418.84,37905.78,36969.81,37456.30,37456.30,4141000,155106538300,sample
KODEX200,KR,2026-04-23,37496.45,37946.41,37046.49,37496.45,37496.45,4182000,156810153900,sample
KODEX200,KR,2026-04-24,37574.14,38025.03,37086.16,37536.60,37536.60,4223000,158517061800,sample
KODEX200,KR,2026-04-27,37464.02,38027.67,37014.45,37576.75,37576.75,4264000,160227262000,sample
KODEX200,KR,2026-04-28,37541.67,38068.30,37091.17,37616.90,37616.90,4305000,161940754500,sample
KODEX200,KR,2026-04-29,37619.39,38108.93,37167.96,37657.05,37657.05,4346000,163657539300,sample
KODEX200,KR,2026-04-30,37076.70,37521.62,36631.78,37076.70,37076.70,4387000,162655482900,sample
KODEX200,KR,2026-05-01,37153.97,37599.82,36671.45,37116.85,37116.85,4428000,164353411800,sample
KODEX200,KR,2026-05-04,37045.53,37602.88,36600.98,37157.00,37157.00,4469000,166054633000,sample
KODEX200,KR,2026-05-05,37122.76,37643.52,36677.29,37197.15,37197.15,4510000,167759146500,sample
KODEX200,KR,2026-05-06,37200.06,37684.15,36753.66,37237.30,37237.30,4100000,152672930000,sample
KODEX200,KR,2026-05-07,37277.45,37724.78,36830.12,37277.45,37277.45,4141000,154365920450,sample
KODEX200,KR,2026-05-08,37354.92,37803.18,36869.79,37317.60,37317.60,4182000,156062203200,sample
KODEX200,KR,2026-05-11,37245.68,37806.04,36798.73,37357.75,37357.75,4223000,157761778250,sample
KODEX200,KR,2026-05-12,37323.10,37846.67,36875.22,37397.90,37397.90,4264000,159464645600,sample
KODEX200,KR,2026-05-13,37400.61,37887.31,36951.80,37438.05,37438.05,4305000,161170805250,sample
KODEX200,KR,2026-05-14,37478.20,37927.94,37028.46,37478.20,37478.20,4346000,162880257200,sample
KODEX200,KR,2026-05-15,37555.87,38006.54,37068.13,37518.35,37518.35,4387000,164593001450,sample
KODEX200,KR,2026-05-18,37445.82,38009.20,36996.47,37558.50,37558.50,4428000,166309038000,sample
KODEX200,KR,2026-05-19,37523.45,38049.83,37073.17,37598.65,37598.65,4469000,168028366850,sample
KODEX200,KR,2026-05-20,37601.16,38090.47,37149.95,37638.80,37638.80,4510000,169750988000,sample
KODEX200,KR,2026-05-21,37678.95,38131.10,37226.80,37678.95,37678.95,4100000,154483695000,sample
KODEX200,KR,2026-05-22,37756.82,38209.90,37266.47,37719.10,37719.10,4141000,156194793100,sample
KODEX200,KR,2026-05-25,37027.33,37584.42,36583.00,37138.75,37138.75,4182000,155314252500,sample
KODEX200,KR,2026-05-26,37104.54,37625.05,36659.29,37178.90,37178.90,4223000,157006494700,sample
KODEX200,KR,2026-05-27,37181.83,37665.68,36735.65,37219.05,37219.05,4264000,158702029200,sample
KODEX200,KR,2026-05-28,37259.20,37706.31,36812.09,37259.20,37259.20,4305000,160400856000,sample
KODEX200,KR,2026-05-29,37336.65,37784.69,36851.76,37299.35,37299.35,4346000,162102975100,sample
KODEXKOSDAQ150,KR,2025-06-02,13648.53,13853.88,13484.75,13689.60,13689.60,2800000,38330880000,sample
KODEXKOSDAQ150,KR,2025-06-03,13677.37,13869.24,13513.24,13704.78,13704.78,2828000,38757117840,sample
KODEXKOSDAQ150,KR,2025-06-04,13706.24,13884.60,13541.77,13719.96,13719.96,2856000,39184205760,sample
KODEXKOSDAQ150,KR,2025-06-05,13735.14,13899.96,13570.32,13735.14,13735.14,2884000,39612143760,sample
KODEXKOSDAQ150,KR,2025-06-06,13764.07,13929.24,13585.32,13750.32,13750.32,2912000,40040931840,sample
KODEXKOSDAQ150,KR,2025-06-09,13724.20,13930.69,13559.51,13765.50,13765.50,2940000,40470570000,sample
KODEXKOSDAQ150,KR,2025-06-10,13753.12,13946.05,13588.08,13780.68,13780.68,2968000,40901058240,sample
KODEXKOSDAQ150,KR,2025-06-11,13782.06,13961.41,13616.68,13795.86,13795.86,2996000,41332396560,sample
KODEXKOSDAQ150,KR,2025-06-12,13811.04,13976.77,13645.31,13811.04,13811.04,3024000,41764584960,sample
KODEXKOSDAQ150,KR,2025-06-13,13840.05,14006.13,13660.31,13826.22,13826.22,3052000,42197623440,sample
KODEXKOSDAQ150,KR,2025-06-16,13799.88,14007.50,13634.28,13841.40,13841.40,3080000,42631512000,sample
KODEXKOSDAQ150,KR,2025-06-17,13828.87,14022.86,13662.92,13856.58,13856.58,2800000,38798424000,sample
KODEXKOSDAQ150,KR,2025-06-18,13857.89,14038.22,13691.60,13871.76,13871.76,2828000,39229337280,sample
KODEXKOSDAQ150,KR,2025-06-19,13886.94,14053.58,13720.30,13886.94,13886.94,2856000,39661100640,sample
KODEXKOSDAQ150,KR,2025-06-20,13916.02,14083.01,13735.29,13902.12,13902.12,2884000,40093714080,sample
KODEXKOSDAQ150,KR,2025-06-23,13875.55,14084.31,13709.04,13917.30,13917.30,2912000,40527177600,sample
KODEXKOSDAQ150,KR,2025-06-24,13904.62,14099.67,13737.76,13932.48,13932.48,2940000,40961491200,sample
KODEXKOSDAQ150,KR,2025-06-25,13699.35,13877.62,13534.96,13713.06,13713.06,2968000,40700362080,sample
KODEXKOSDAQ150,KR,2025-06-26,13728.24,13892.98,13563.50,13728.24,13728.24,2996000,41129807040,sample
KODEXKOSDAQ150,KR,2025-06-27,13757.16,13922.25,13578.50,13743.42,13743.42,3024000,41560102080,sample
KODEXKOSDAQ150,KR,2025-06-30,13717.32,13923.70,13552.71,13758.60,13758.60,3052000,41991247200,sample
KODEXKOSDAQ150,KR,2025-07-01,13746.23,13939.07,13581.28,13773.78,13773.78,3080000,42423242400,sample
KODEXKOSDAQ150,KR,2025-07-02,13775.17,13954.43,13609.87,13788.96,13788.96,2800000,38609088000,sample
KODEXKOSDAQ150,KR,2025-07-03,13804.14,13969.79,13638.49,13804.14,13804.14,2828000,39038107920,sample
KODEXKOSDAQ150,KR,2025-07-04,13833.14,13999.14,13653.49,13819.32,13819.32,2856000,39467977920,sample
KODEXKOSDAQ150,KR,2025-07-07,13793.00,14000.51,13627.48,13834.50,13834.50,2884000,39898698000,sample
KODEXKOSDAQ150,KR,2025-07-08,13821.98,14015.88,13656.12,13849.68,13849.68,2912000,40330268160,sample
KODEXKOSDAQ150,KR,2025-07-09,13851.00,14031.24,13684.79,13864.86,13864.86,2940000,40762688400,sample
KODEXKOSDAQ150,KR,2025-07-10,13880.04,14046.60,13713.48,13880.04,13880.04,2968000,41195958720,sample
KODEXKOSDAQ150,KR,2025-07-11,13909.12,14076.03,13728.48,13895.22,13895.22,2996000,41630079120,sample
KODEXKOSDAQ150,KR,2025-07-14,13868.67,14077.32,13702.25,13910.40,13910.40,3024000,42065049600,sample
KODEXKOSDAQ150,KR,2025-07-15,13897.73,14092.69,13730.96,13925.58,13925.58,3052000,42500870160,sample
KODEXKOSDAQ150,KR,2025-07-16,13926.82,14108.05,13759.70,13940.76,13940.76,3080000,42937540800,sample
KODEXKOSDAQ150,KR,2025-07-17,13955.94,14123.41,13788.47,13955.94,13955.94,2800000,39076632000,sample
KODEXKOSDAQ150,KR,2025-07-18,13750.26,13915.26,13571.68,13736.52,13736.52,2828000,38846878560,sample
KODEXKOSDAQ150,KR,2025-07-21,13710.44,13916.72,13545.91,13751.70,13751.70,2856000,39274855200,sample
KODEXKOSDAQ150,KR,2025-07-22,13739.35,13932.08,13574.48,13766.88,13766.88,2884000,39703681920,sample
KODEXKOSDAQ150,KR,2025-07-23,13768.28,13947.44,13603.06,13782.06,13782.06,2912000,40133358720,sample
KODEXKOSDAQ150,KR,2025-07-24,13797.24,13962.81,13631.67,13797.24,13797.24,2940000,40563885600,sample
KODEXKOSDAQ150,KR,2025-07-25,13826.23,13992.14,13646.67,13812.42,13812.42,2968000,40995262560,sample
KODEXKOSDAQ150,KR,2025-07-28,13786.12,13993.53,13620.69,13827.60,13827.60,2996000,41427489600,sample
KODEXKOSDAQ150,KR,2025-07-29,13815.09,14008.89,13649.31,13842.78,13842.78,3024000,41860566720,sample
KODEXKOSDAQ150,KR,2025-07-30,13844.10,14024.26,13677.97,13857.96,13857.96,3052000,42294493920,sample
KODEXKOSDAQ150,KR,2025-07-31,13873.14,14039.62,13706.66,13873.14,13873.14,3080000,42729271200,sample
KODEXKOSDAQ150,KR,2025-08-01,13902.21,14069.04,13721.66,13888.32,13888.32,2800000,38887296000,sample
KODEXKOSDAQ150,KR,2025-08-04,13861.79,14070.34,13695.45,13903.50,13903.50,2828000,39319098000,sample
KODEXKOSDAQ150,KR,2025-08-05,13890.84,14085.70,13724.15,13918.68,13918.68,2856000,39751750080,sample
KODEXKOSDAQ150,KR,2025-08-06,13919.93,14101.07,13752.89,13933.86,13933.86,2884000,40185252240,sample
KODEXKOSDAQ150,KR,2025-08-07,13949.04,14116.43,13781.65,13949.04,13949.04,2912000,40619604480,sample
KODEXKOSDAQ150,KR,2025-08-08,13978.18,14145.92,13796.65,13964.22,13964.22,2940000,41054806800,sample
KODEXKOSDAQ150,KR,2025-08-11,13937.46,14147.15,13770.21,13979.40,13979.40,2968000,41490859200,sample
KODEXKOSDAQ150,KR,2025-08-12,13732.46,13925.10,13567.67,13759.98,13759.98,2996000,41224900080,sample
KODEXKOSDAQ150,KR,2025-08-13,13761.38,13940.46,13596.24,13775.16,13775.16,3024000,41656083840,sample
KODEXKOSDAQ150,KR,2025-08-14,13790.34,13955.82,13624.86,13790.34,13790.34,3052000,42088117680,sample
KODEXKOSDAQ150,KR,2025-08-15,13819.33,13985.16,13639.85,13805.52,13805.52,3080000,42521001600,sample
KODEXKOSDAQ150,KR,2025-08-18,13779.24,13986.55,13613.89,13820.70,13820.70,2800000,38697960000,sample
KODEXKOSDAQ150,KR,2025-08-19,13808.21,14001.91,13642.51,13835.88,13835.88,2828000,39127868640,sample
KODEXKOSDAQ150,KR,2025-08-20,13837.21,14017.27,13671.16,13851.06,13851.06,2856000,39558627360,sample
KODEXKOSDAQ150,KR,2025-08-21,13866.24,14032.63,13699.85,13866.24,13866.24,2884000,39990236160,sample
KODEXKOSDAQ150,KR,2025-08-22,13895.30,14062.04,13714.84,13881.42,13881.42,2912000,40422695040,sample
KODEXKOSDAQ150,KR,2025-08-25,13854.91,14063.36,13688.65,13896.60,13896.60,2940000,40856004000,sample
KODEXKOSDAQ150,KR,2025-08-26,13883.96,14078.72,13717.35,13911.78,13911.78,2968000,41290163040,sample
KODEXKOSDAQ150,KR,2025-08-27,13913.03,14094.08,13746.07,13926.96,13926.96,2996000,41725172160,sample
KODEXKOSDAQ150,KR,2025-08-28,13942.14,14109.45,13774.83,13942.14,13942.14,3024000,42161031360,sample
KODEXKOSDAQ150,KR,2025-08-29,13971.28,14138.94,13789.83,13957.32,13957.32,3052000,42597740640,sample
KODEXKOSDAQ150,KR,2025-09-01,13930.58,14140.17,13763.41,13972.50,13972.50,3080000,43035300000,sample
KODEXKOSDAQ150,KR,2025-09-02,13959.70,14155.53,13792.18,13987.68,13987.68,2800000,39165504000,sample
KODEXKOSDAQ150,KR,2025-09-03,13988.86,14170.89,13820.99,14002.86,14002.86,2828000,39600088080,sample
KODEXKOSDAQ150,KR,2025-09-04,13783.44,13948.84,13618.04,13783.44,13783.44,2856000,39365504640,sample
KODEXKOSDAQ150,KR,2025-09-05,13812.42,13978.17,13633.04,13798.62,13798.62,2884000,39795220080,sample
KODEXKOSDAQ150,KR,2025-09-08,13772.36,13979.57,13607.09,13813.80,13813.80,2912000,40225785600,sample
KODEXKOSDAQ150,KR,2025-09-09,13801.32,13994.93,13635.70,13828.98,13828.98,2940000,40657201200,sample
KODEXKOSDAQ150,KR,2025-09-10,13830.32,14010.29,13664.36,13844.16,13844.16,2968000,41089466880,sample
KODEXKOSDAQ150,KR,2025-09-11,13859.34,14025.65,13693.03,13859.34,13859.34,2996000,41522582640,sample
KODEXKOSDAQ150,KR,2025-09-12,13888.39,14055.05,13708.03,13874.52,13874.52,3024000,41956548480,sample
KODEXKOSDAQ150,KR,2025-09-15,13848.03,14056.38,13681.85,13889.70,13889.70,3052000,42391364400,sample
KODEXKOSDAQ150,KR,2025-09-16,13877.07,14071.74,13710.55,13904.88,13904.88,3080000,42827030400,sample
KODEXKOSDAQ150,KR,2025-09-17,13906.14,14087.10,13739.27,13920.06,13920.06,2800000,38976168000,sample
KODEXKOSDAQ150,KR,2025-09-18,13935.24,14102.46,13768.02,13935.24,13935.24,2828000,39408858720,sample
KODEXKOSDAQ150,KR,2025-09-19,13964.37,14131.94,13783.01,13950.42,13950.42,2856000,39842399520,sample
KODEXKOSDAQ150,KR,2025-09-22,13923.70,14133.19,13756.62,13965.60,13965.60,2884000,40276790400,sample
KODEXKOSDAQ150,KR,2025-09-23,13952.82,14148.55,13785.39,13980.78,13980.78,2912000,40712031360,sample
KODEXKOSDAQ150,KR,2025-09-24,13981.96,14163.91,13814.18,13995.96,13995.96,2940000,41148122400,sample
KODEXKOSDAQ150,KR,2025-09-25,14011.14,14179.27,13843.01,14011.14,14011.14,2968000,41585063520,sample
KODEXKOSDAQ150,KR,2025-09-26,14040.35,14208.83,13858.00,14026.32,14026.32,2996000,42022854720,sample
KODEXKOSDAQ150,KR,2025-09-29,13765.48,13972.58,13600.29,13806.90,13806.90,3024000,41752065600,sample
KODEXKOSDAQ150,KR,2025-09-30,13794.44,13987.94,13628.91,13822.08,13822.08,3052000,42184988160,sample
KODEXKOSDAQ150,KR,2025-10-01,13823.42,14003.31,13657.54,13837.26,13837.26,3080000,42618760800,sample
KODEXKOSDAQ150,KR,2025-10-02,13852.44,14018.67,13686.21,13852.44,13852.44,2800000,38786832000,sample
KODEXKOSDAQ150,KR,2025-10-03,13881.49,14048.07,13701.21,13867.62,13867.62,2828000,39217629360,sample
KODEXKOSDAQ150,KR,2025-10-06,13841.15,14049.39,13675.06,13882.80,13882.80,2856000,39649276800,sample
KODEXKOSDAQ150,KR,2025-10-07,13870.18,14064.76,13703.74,13897.98,13897.98,2884000,40081774320,sample
KODEXKOSDAQ150,KR,2025-10-08,13899.25,14080.12,13732.46,13913.16,13913.16,2912000,40515121920,sample
KODEXKOSDAQ150,KR,2025-10-09,13928.34,14095.48,13761.20,13928.34,13928.34,2940000,40949319600,sample
KODEXKOSDAQ150,KR,2025-10-10,13957.46,14124.95,13776.20,13943.52,13943.52,2968000,41384367360,sample
KODEXKOSDAQ150,KR,2025-10-13,13916.82,14126.20,13749.82,13958.70,13958.70,2996000,41820265200,sample
KODEXKOSDAQ150,KR,2025-10-14,13945.93,14141.57,13778.58,13973.88,13973.88,3024000,42257013120,sample
KODEXKOSDAQ150,KR,2025-10-15,13975.07,14156.93,13807.37,13989.06,13989.06,3052000,42694611120,sample
KODEXKOSDAQ150,KR,2025-10-16,14004.24,14172.29,13836.19,14004.24,14004.24,3080000,43133059200,sample
KODEXKOSDAQ150,KR,2025-10-17,14033.44,14201.84,13851.19,14019.42,14019.42,2800000,39254376000,sample
KODEXKOSDAQ150,KR,2025-10-20,13992.50,14203.02,13824.59,14034.60,14034.60,2828000,39689848800,sample
KODEXKOSDAQ150,KR,2025-10-21,14021.68,14218.38,13853.42,14049.78,14049.78,2856000,40126171680,sample
KODEXKOSDAQ150,KR,2025-10-22,13816.53,13996.32,13650.73,13830.36,13830.36,2884000,39886758240,sample
KODEXKOSDAQ150,KR,2025-10-23,13845.54,14011.69,13679.39,13845.54,13845.54,2912000,40318212480,sample
KODEXKOSDAQ150,KR,2025-10-24,13874.58,14041.07,13694.39,13860.72,13860.72,2940000,40750516800,sample
KODEXKOSDAQ150,KR,2025-10-27,13834.27,14042.41,13668.26,13875.90,13875.90,2968000,41183671200,sample
KODEXKOSDAQ150,KR,2025-10-28,13863.30,14057.77,13696.94,13891.08,13891.08,2996000,41617675680,sample
KODEXKOSDAQ150,KR,2025-10-29,13892.35,14073.14,13725.64,13906.26,13906.26,3024000,42052530240,sample
KODEXKOSDAQ150,KR,2025-10-30,13921.44,14088.50,13754.38,13921.44,13921.44,3052000,42488234880,sample
KODEXKOSDAQ150,KR,2025-10-31,13950.56,14117.97,13769.38,13936.62,13936.62,3080000,42924789600,sample
KODEXKOSDAQ150,KR,2025-11-03,13909.94,14119.22,13743.02,13951.80,13951.80,2800000,39065040000,sample
KODEXKOSDAQ150,KR,2025-11-04,13939.05,14134.58,13771.78,13966.98,13966.98,2828000,39498619440,sample
KODEXKOSDAQ150,KR,2025-11-05,13968.18,14149.95,13800.56,13982.16,13982.16,2856000,39933048960,sample
KODEXKOSDAQ150,KR,2025-11-06,13997.34,14165.31,13829.37,13997.34,13997.34,2884000,40368328560,sample
KODEXKOSDAQ150,KR,2025-11-07,14026.53,14194.85,13844.37,14012.52,14012.52,2912000,40804458240,sample
KODEXKOSDAQ150,KR,2025-11-10,13985.62,14196.03,13817.79,14027.70,14027.70,2940000,41241438000,sample
KODEXKOSDAQ150,KR,2025-11-11,14014.79,14211.39,13846.61,14042.88,14042.88,2968000,41679267840,sample
KODEXKOSDAQ150,KR,2025-11-12,14044.00,14226.76,13875.47,14058.06,14058.06,2996000,42117947760,sample
KODEXKOSDAQ150,KR,2025-11-13,14073.24,14242.12,13904.36,14073.24,14073.24,3024000,42557477760,sample
KODEXKOSDAQ150,KR,2025-11-14,13867.67,14034.08,13687.57,13853.82,13853.82,3052000,42281858640,sample
KODEXKOSDAQ150,KR,2025-11-17,13827.39,14035.43,13661.46,13869.00,13869.00,3080000,42716520000,sample
KODEXKOSDAQ150,KR,2025-11-18,13856.41,14050.79,13690.13,13884.18,13884.18,2800000,38875704000,sample
KODEXKOSDAQ150,KR,2025-11-19,13885.46,14066.15,13718.83,13899.36,13899.36,2828000,39307390080,sample
KODEXKOSDAQ150,KR,2025-11-20,13914.54,14081.51,13747.57,13914.54,13914.54,2856000,39739926240,sample
KODEXKOSDAQ150,KR,2025-11-21,13943.65,14110.97,13762.56,13929.72,13929.72,2884000,40173312480,sample
KODEXKOSDAQ150,KR,2025-11-24,13903.07,14112.24,13736.23,13944.90,13944.90,2912000,40607548800,sample
KODEXKOSDAQ150,KR,2025-11-25,13932.16,14127.60,13764.97,13960.08,13960.08,2940000,41042635200,sample
KODEXKOSDAQ150,KR,2025-11-26,13961.28,14142.96,13793.74,13975.26,13975.26,2968000,41478571680,sample
KODEXKOSDAQ150,KR,2025-11-27,13990.44,14158.33,13822.55,13990.44,13990.44,2996000,41915358240,sample
KODEXKOSDAQ150,KR,2025-11-28,14019.63,14187.87,13837.55,14005.62,14005.62,3024000,42352994880,sample
KODEXKOSDAQ150,KR,2025-12-01,13978.74,14189.05,13811.00,14020.80,14020.80,3052000,42791481600,sample
KODEXKOSDAQ150,KR,2025-12-02,14007.91,14204.41,13839.82,14035.98,14035.98,3080000,43230818400,sample
KODEXKOSDAQ150,KR,2025-12-03,14037.11,14219.77,13868.66,14051.16,14051.16,2800000,39343248000,sample
KODEXKOSDAQ150,KR,2025-12-04,14066.34,14235.14,13897.54,14066.34,14066.34,2828000,39779609520,sample
KODEXKOSDAQ150,KR,2025-12-05,14095.60,14264.75,13912.54,14081.52,14081.52,2856000,40216821120,sample
KODEXKOSDAQ150,KR,2025-12-08,14054.41,14265.86,13885.76,14096.70,14096.70,2884000,40654882800,sample
KODEXKOSDAQ150,KR,2025-12-09,13849.53,14043.81,13683.34,13877.28,13877.28,2912000,40410639360,sample
KODEXKOSDAQ150,KR,2025-12-10,13878.57,14059.17,13712.03,13892.46,13892.46,2940000,40843832400,sample
KODEXKOSDAQ150,KR,2025-12-11,13907.64,14074.53,13740.75,13907.64,13907.64,2968000,41277875520,sample
KODEXKOSDAQ150,KR,2025-12-12,13936.74,14103.98,13755.75,13922.82,13922.82,2996000,41712768720,sample
KODEXKOSDAQ150,KR,2025-12-15,13896.19,14105.26,13729.44,13938.00,13938.00,3024000,42148512000,sample
KODEXKOSDAQ150,KR,2025-12-16,13925.27,14120.62,13758.17,13953.18,13953.18,3052000,42585105360,sample
KODEXKOSDAQ150,KR,2025-12-17,13954.39,14135.98,13786.94,13968.36,13968.36,3080000,43022548800,sample
KODEXKOSDAQ150,KR,2025-12-18,13983.54,14151.34,13815.74,13983.54,13983.54,2800000,39153912000,sample
KODEXKOSDAQ150,KR,2025-12-19,14012.72,14180.87,13830.74,13998.72,13998.72,2828000,39588380160,sample
KODEXKOSDAQ150,KR,2025-12-22,13971.86,14182.07,13804.20,14013.90,14013.90,2856000,40023698400,sample
KODEXKOSDAQ150,KR,2025-12-23,14001.02,14197.43,13833.01,14029.08,14029.08,2884000,40459866720,sample
KODEXKOSDAQ150,KR,2025-12-24,14030.22,14212.79,13861.86,14044.26,14044.26,2912000,40896885120,sample
KODEXKOSDAQ150,KR,2025-12-25,14059.44,14228.15,13890.73,14059.44,14059.44,2940000,41334753600,sample
KODEXKOSDAQ150,KR,2025-12-26,14088.69,14257.75,13905.72,14074.62,14074.62,2968000,41773472160,sample
KODEXKOSDAQ150,KR,2025-12-29,14047.53,14258.88,13878.96,14089.80,14089.80,2996000,42213040800,sample
KODEXKOSDAQ150,KR,2025-12-30,14076.77,14274.24,13907.85,14104.98,14104.98,3024000,42653459520,sample
KODEXKOSDAQ150,KR,2025-12-31,14106.04,14289.60,13936.77,14120.16,14120.16,3052000,43094728320,sample
KODEXKOSDAQ150,KR,2026-01-01,13900.74,14067.55,13733.93,13900.74,13900.74,3080000,42814279200,sample
KODEXKOSDAQ150,KR,2026-01-02,13929.84,14097.00,13748.93,13915.92,13915.92,2800000,38964576000,sample
KODEXKOSDAQ150,KR,2026-01-05,13889.31,14098.27,13722.64,13931.10,13931.10,2828000,39397150800,sample
KODEXKOSDAQ150,KR,2026-01-06,13918.39,14113.64,13751.37,13946.28,13946.28,2856000,39830575680,sample
KODEXKOSDAQ150,KR,2026-01-07,13947.50,14129.00,13780.13,13961.46,13961.46,2884000,40264850640,sample
KODEXKOSDAQ150,KR,2026-01-08,13976.64,14144.36,13808.92,13976.64,13976.64,2912000,40699975680,sample
KODEXKOSDAQ150,KR,2026-01-09,14005.81,14173.88,13823.92,13991.82,13991.82,2940000,41135950800,sample
KODEXKOSDAQ150,KR,2026-01-12,13964.98,14175.08,13797.40,14007.00,14007.00,2968000,41572776000,sample
KODEXKOSDAQ150,KR,2026-01-13,13994.14,14190.45,13826.21,14022.18,14022.18,2996000,42010451280,sample
KODEXKOSDAQ150,KR,2026-01-14,14023.32,14205.81,13855.04,14037.36,14037.36,3024000,42448976640,sample
KODEXKOSDAQ150,KR,2026-01-15,14052.54,14221.17,13883.91,14052.54,14052.54,3052000,42888352080,sample
KODEXKOSDAQ150,KR,2026-01-16,14081.79,14250.77,13898.91,14067.72,14067.72,3080000,43328577600,sample
KODEXKOSDAQ150,KR,2026-01-19,14040.65,14251.89,13872.16,14082.90,14082.90,2800000,39432120000,sample
KODEXKOSDAQ150,KR,2026-01-20,14069.88,14267.26,13901.04,14098.08,14098.08,2828000,39869370240,sample
KODEXKOSDAQ150,KR,2026-01-21,14099.15,14282.62,13929.96,14113.26,14113.26,2856000,40307470560,sample
KODEXKOSDAQ150,KR,2026-01-22,14128.44,14297.98,13958.90,14128.44,14128.44,2884000,40746420960,sample
KODEXKOSDAQ150,KR,2026-01-23,14157.76,14327.65,13973.90,14143.62,14143.62,2912000,41186221440,sample
KODEXKOSDAQ150,KR,2026-01-26,13882.43,14091.29,13715.84,13924.20,13924.20,2940000,40937148000,sample
KODEXKOSDAQ150,KR,2026-01-27,13911.50,14106.65,13744.56,13939.38,13939.38,2968000,41372079840,sample
KODEXKOSDAQ150,KR,2026-01-28,13940.61,14122.01,13773.32,13954.56,13954.56,2996000,41807861760,sample
KODEXKOSDAQ150,KR,2026-01-29,13969.74,14137.38,13802.10,13969.74,13969.74,3024000,42244493760,sample
KODEXKOSDAQ150,KR,2026-01-30,13998.90,14166.89,13817.10,13984.92,13984.92,3052000,42681975840,sample
KODEXKOSDAQ150,KR,2026-02-02,13958.10,14168.10,13790.60,14000.10,14000.10,3080000,43120308000,sample
KODEXKOSDAQ150,KR,2026-02-03,13987.25,14183.46,13819.40,14015.28,14015.28,2800000,39242784000,sample
KODEXKOSDAQ150,KR,2026-02-04,14016.43,14198.83,13848.23,14030.46,14030.46,2828000,39678140880,sample
KODEXKOSDAQ150,KR,2026-02-05,14045.64,14214.19,13877.09,14045.64,14045.64,2856000,40114347840,sample
KODEXKOSDAQ150,KR,2026-02-06,14074.88,14243.78,13892.09,14060.82,14060.82,2884000,40551404880,sample
KODEXKOSDAQ150,KR,2026-02-09,14033.77,14244.91,13865.36,14076.00,14076.00,2912000,40989312000,sample
KODEXKOSDAQ150,KR,2026-02-10,14063.00,14260.27,13894.24,14091.18,14091.18,2940000,41428069200,sample
KODEXKOSDAQ150,KR,2026-02-11,14092.25,14275.64,13923.14,14106.36,14106.36,2968000,41867676480,sample
KODEXKOSDAQ150,KR,2026-02-12,14121.54,14291.00,13952.08,14121.54,14121.54,2996000,42308133840,sample
KODEXKOSDAQ150,KR,2026-02-13,14150.86,14320.67,13967.08,14136.72,14136.72,3024000,42749441280,sample
KODEXKOSDAQ150,KR,2026-02-16,14109.44,14321.72,13940.13,14151.90,14151.90,3052000,43191598800,sample
KODEXKOSDAQ150,KR,2026-02-17,14138.75,14337.08,13969.09,14167.08,14167.08,3080000,43634606400,sample
KODEXKOSDAQ150,KR,2026-02-18,13933.71,14115.03,13766.51,13947.66,13947.66,2800000,39053448000,sample
KODEXKOSDAQ150,KR,2026-02-19,13962.84,14130.39,13795.29,13962.84,13962.84,2828000,39486911520,sample
KODEXKOSDAQ150,KR,2026-02-20,13992.00,14159.90,13810.28,13978.02,13978.02,2856000,39921225120,sample
KODEXKOSDAQ150,KR,2026-02-23,13951.22,14161.12,13783.81,13993.20,13993.20,2884000,40356388800,sample
KODEXKOSDAQ150,KR,2026-02-24,13980.36,14176.48,13812.60,14008.38,14008.38,2912000,40792402560,sample
KODEXKOSDAQ150,KR,2026-02-25,14009.54,14191.84,13841.43,14023.56,14023.56,2940000,41229266400,sample
KODEXKOSDAQ150,KR,2026-02-26,14038.74,14207.20,13870.28,14038.74,14038.74,2968000,41666980320,sample
KODEXKOSDAQ150,KR,2026-02-27,14067.97,14236.79,13885.27,14053.92,14053.92,2996000,42105544320,sample
KODEXKOSDAQ150,KR,2026-03-02,14026.89,14237.93,13858.57,14069.10,14069.10,3024000,42544958400,sample
KODEXKOSDAQ150,KR,2026-03-03,14056.11,14253.29,13887.44,14084.28,14084.28,3052000,42985222560,sample
KODEXKOSDAQ150,KR,2026-03-04,14085.36,14268.65,13916.34,14099.46,14099.46,3080000,43426336800,sample
KODEXKOSDAQ150,KR,2026-03-05,14114.64,14284.02,13945.26,14114.64,14114.64,2800000,39520992000,sample
KODEXKOSDAQ150,KR,2026-03-06,14143.95,14313.68,13960.26,14129.82,14129.82,2828000,39959130960,sample
KODEXKOSDAQ150,KR,2026-03-09,14102.57,14314.74,13933.34,14145.00,14145.00,2856000,40398120000,sample
KODEXKOSDAQ150,KR,2026-03-10,14131.86,14330.10,13962.28,14160.18,14160.18,2884000,40837959120,sample
KODEXKOSDAQ150,KR,2026-03-11,14161.18,14345.46,13991.25,14175.36,14175.36,2912000,41278648320,sample
KODEXKOSDAQ150,KR,2026-03-12,14190.54,14360.83,14020.25,14190.54,14190.54,2940000,41720187600,sample
KODEXKOSDAQ150,KR,2026-03-13,13985.09,14152.91,13803.47,13971.12,13971.12,2968000,41466284160,sample
KODEXKOSDAQ150,KR,2026-03-16,13944.34,14154.14,13777.01,13986.30,13986.30,2996000,41902954800,sample
KODEXKOSDAQ150,KR,2026-03-17,13973.48,14169.50,13805.80,14001.48,14001.48,3024000,42340475520,sample
KODEXKOSDAQ150,KR,2026-03-18,14002.64,14184.86,13834.61,14016.66,14016.66,3052000,42778846320,sample
KODEXKOSDAQ150,KR,2026-03-19,14031.84,14200.22,13863.46,14031.84,14031.84,3080000,43218067200,sample
KODEXKOSDAQ150,KR,2026-03-20,14061.07,14229.80,13878.46,14047.02,14047.02,2800000,39331656000,sample
KODEXKOSDAQ150,KR,2026-03-23,14020.01,14230.95,13851.77,14062.20,14062.20,2828000,39767901600,sample
KODEXKOSDAQ150,KR,2026-03-24,14049.23,14246.31,13880.64,14077.38,14077.38,2856000,40204997280,sample
KODEXKOSDAQ150,KR,2026-03-25,14078.47,14261.67,13909.53,14092.56,14092.56,2884000,40642943040,sample
KODEXKOSDAQ150,KR,2026-03-26,14107.74,14277.03,13938.45,14107.74,14107.74,2912000,41081738880,sample
KODEXKOSDAQ150,KR,2026-03-27,14137.04,14306.68,13953.44,14122.92,14122.92,2940000,41521384800,sample
KODEXKOSDAQ150,KR,2026-03-30,14095.69,14307.76,13926.54,14138.10,14138.10,2968000,41961880800,sample
KODEXKOSDAQ150,KR,2026-03-31,14124.97,14323.12,13955.47,14153.28,14153.28,2996000,42403226880,sample
KODEXKOSDAQ150,KR,2026-04-01,14154.29,14338.48,13984.44,14168.46,14168.46,3024000,42845423040,sample
KODEXKOSDAQ150,KR,2026-04-02,14183.64,14353.84,14013.44,14183.64,14183.64,3052000,43288469280,sample
KODEXKOSDAQ150,KR,2026-04-03,14213.02,14383.58,14028.43,14198.82,14198.82,3080000,43732365600,sample
KODEXKOSDAQ150,KR,2026-04-06,14171.36,14384.57,14001.30,14214.00,14214.00,2800000,39799200000,sample
KODEXKOSDAQ150,KR,2026-04-07,13966.59,14162.51,13798.99,13994.58,13994.58,2828000,39576672240,sample
KODEXKOSDAQ150,KR,2026-04-08,13995.75,14177.88,13827.80,14009.76,14009.76,2856000,40011874560,sample
KODEXKOSDAQ150,KR,2026-04-09,14024.94,14193.24,13856.64,14024.94,14024.94,2884000,40447926960,sample
KODEXKOSDAQ150,KR,2026-04-10,14054.16,14222.81,13871.64,14040.12,14040.12,2912000,40884829440,sample
KODEXKOSDAQ150,KR,2026-04-13,14013.13,14223.96,13844.97,14055.30,14055.30,2940000,41322582000,sample
KODEXKOSDAQ150,KR,2026-04-14,14042.34,14239.33,13873.83,14070.48,14070.48,2968000,41761184640,sample
KODEXKOSDAQ150,KR,2026-04-15,14071.57,14254.69,13902.71,14085.66,14085.66,2996000,42200637360,sample
KODEXKOSDAQ150,KR,2026-04-16,14100.84,14270.05,13931.63,14100.84,14100.84,3024000,42640940160,sample
KODEXKOSDAQ150,KR,2026-04-17,14130.14,14299.70,13946.63,14116.02,14116.02,3052000,43082093040,sample
KODEXKOSDAQ150,KR,2026-04-20,14088.81,14300.77,13919.74,14131.20,14131.20,3080000,43524096000,sample
KODEXKOSDAQ150,KR,2026-04-21,14118.09,14316.14,13948.67,14146.38,14146.38,2800000,39609864000,sample
KODEXKOSDAQ150,KR,2026-04-22,14147.40,14331.50,13977.63,14161.56,14161.56,2828000,40048891680,sample
KODEXKOSDAQ150,KR,2026-04-23,14176.74,14346.86,14006.62,14176.74,14176.74,2856000,40488769440,sample
KODEXKOSDAQ150,KR,2026-04-24,14206.11,14376.58,14021.62,14191.92,14191.92,2884000,40929497280,sample
KODEXKOSDAQ150,KR,2026-04-27,14164.48,14377.59,13994.51,14207.10,14207.10,2912000,41371075200,sample
KODEXKOSDAQ150,KR,2026-04-28,14193.84,14392.95,14023.51,14222.28,14222.28,2940000,41813503200,sample
KODEXKOSDAQ150,KR,2026-04-29,14223.22,14408.31,14052.54,14237.46,14237.46,2968000,42256781280,sample
KODEXKOSDAQ150,KR,2026-04-30,14018.04,14186.26,13849.82,14018.04,14018.04,2996000,41998047840,sample
KODEXKOSDAQ150,KR,2026-05-01,14047.25,14215.82,13864.82,14033.22,14033.22,3024000,42436457280,sample
KODEXKOSDAQ150,KR,2026-05-04,14006.25,14216.98,13838.18,14048.40,14048.40,3052000,42875716800,sample
KODEXKOSDAQ150,KR,2026-05-05,14035.45,14232.34,13867.02,14063.58,14063.58,3080000,43315826400,sample
KODEXKOSDAQ150,KR,2026-05-06,14064.68,14247.71,13895.90,14078.76,14078.76,2800000,39420528000,sample
KODEXKOSDAQ150,KR,2026-05-07,14093.94,14263.07,13924.81,14093.94,14093.94,2828000,39857662320,sample
KODEXKOSDAQ150,KR,2026-05-08,14123.23,14292.71,13939.81,14109.12,14109.12,2856000,40295646720,sample
KODEXKOSDAQ150,KR,2026-05-11,14081.93,14293.79,13912.95,14124.30,14124.30,2884000,40734481200,sample
KODEXKOSDAQ150,KR,2026-05-12,14111.20,14309.15,13941.87,14139.48,14139.48,2912000,41174165760,sample
KODEXKOSDAQ150,KR,2026-05-13,14140.51,14324.52,13970.82,14154.66,14154.66,2940000,41614700400,sample
KODEXKOSDAQ150,KR,2026-05-14,14169.84,14339.88,13999.80,14169.84,14169.84,2968000,42056085120,sample
KODEXKOSDAQ150,KR,2026-05-15,14199.21,14369.60,14014.80,14185.02,14185.02,2996000,42498319920,sample
KODEXKOSDAQ150,KR,2026-05-18,14157.60,14370.60,13987.71,14200.20,14200.20,3024000,42941404800,sample
KODEXKOSDAQ150,KR,2026-05-19,14186.95,14385.96,14016.71,14215.38,14215.38,3052000,43385339760,sample
KODEXKOSDAQ150,KR,2026-05-20,14216.33,14401.33,14045.73,14230.56,14230.56,3080000,43830124800,sample
KODEXKOSDAQ150,KR,2026-05-21,14245.74,14416.69,14074.79,14245.74,14245.74,2800000,39888072000,sample
KODEXKOSDAQ150,KR,2026-05-22,14275.18,14446.48,14089.79,14260.92,14260.92,2828000,40329881760,sample
KODEXKOSDAQ150,KR,2026-05-25,13999.38,14210.00,13831.39,14041.50,14041.50,2856000,40102524000,sample
KODEXKOSDAQ150,KR,2026-05-26,14028.57,14225.36,13860.23,14056.68,14056.68,2884000,40539465120,sample
KODEXKOSDAQ150,KR,2026-05-27,14057.79,14240.72,13889.10,14071.86,14071.86,2912000,40977256320,sample
KODEXKOSDAQ150,KR,2026-05-28,14087.04,14256.08,13918.00,14087.04,14087.04,2940000,41415897600,sample
KODEXKOSDAQ150,KR,2026-05-29,14116.32,14285.72,13932.99,14102.22,14102.22,2968000,41855388960,sample
GOLD_PROXY,GLOBAL,2025-06-02,2324.21,2359.17,2296.32,2331.20,2331.20,950000,2214640000,sample
GOLD_PROXY,GLOBAL,2025-06-03,2329.12,2361.80,2301.17,2333.79,2333.79,959500,2239271505,sample
GOLD_PROXY,GLOBAL,2025-06-04,2334.03,2364.41,2306.02,2336.37,2336.37,969000,2263942530,sample
GOLD_PROXY,GLOBAL,2025-06-05,2338.96,2367.03,2310.89,2338.96,2338.96,978500,2288672360,sample
GOLD_PROXY,GLOBAL,2025-06-06,2343.88,2372.01,2313.44,2341.54,2341.54,988000,2313441520,sample
GOLD_PROXY,GLOBAL,2025-06-09,2337.10,2372.26,2309.05,2344.13,2344.13,997500,2338269675,sample
GOLD_PROXY,GLOBAL,2025-06-10,2342.02,2374.87,2313.92,2346.71,2346.71,1007000,2363136970,sample
GOLD_PROXY,GLOBAL,2025-06-11,2346.95,2377.49,2318.79,2349.30,2349.30,1016500,2388063450,sample
GOLD_PROXY,GLOBAL,2025-06-12,2351.88,2380.10,2323.66,2351.88,2351.88,1026000,2413028880,sample
GOLD_PROXY,GLOBAL,2025-06-13,2356.82,2385.10,2326.22,2354.47,2354.47,1035500,2438053685,sample
GOLD_PROXY,GLOBAL,2025-06-16,2349.98,2385.33,2321.78,2357.05,2357.05,1045000,2463117250,sample
GOLD_PROXY,GLOBAL,2025-06-17,2354.92,2387.96,2326.66,2359.64,2359.64,950000,2241658000,sample
GOLD_PROXY,GLOBAL,2025-06-18,2359.86,2390.57,2331.54,2362.22,2362.22,959500,2266550090,sample
GOLD_PROXY,GLOBAL,2025-06-19,2364.81,2393.19,2336.43,2364.81,2364.81,969000,2291500890,sample
GOLD_PROXY,GLOBAL,2025-06-20,2369.76,2398.20,2338.98,2367.39,2367.39,978500,2316491115,sample
GOLD_PROXY,GLOBAL,2025-06-23,2362.87,2398.42,2334.52,2369.98,2369.98,988000,2341540240,sample
GOLD_PROXY,GLOBAL,2025-06-24,2367.81,2401.03,2339.40,2372.56,2372.56,997500,2366628600,sample
GOLD_PROXY,GLOBAL,2025-06-25,2332.86,2363.22,2304.87,2335.20,2335.20,1007000,2351546400,sample
GOLD_PROXY,GLOBAL,2025-06-26,2337.78,2365.83,2309.73,2337.78,2337.78,1016500,2376353370,sample
GOLD_PROXY,GLOBAL,2025-06-27,2342.71,2370.82,2312.29,2340.37,2340.37,1026000,2401219620,sample
GOLD_PROXY,GLOBAL,2025-06-30,2335.92,2371.07,2307.89,2342.95,2342.95,1035500,2426124725,sample
GOLD_PROXY,GLOBAL,2025-07-01,2340.85,2373.69,2312.76,2345.54,2345.54,1045000,2451089300,sample
GOLD_PROXY,GLOBAL,2025-07-02,2345.77,2376.30,2317.62,2348.12,2348.12,950000,2230714000,sample
GOLD_PROXY,GLOBAL,2025-07-03,2350.71,2378.92,2322.50,2350.71,2350.71,959500,2255506245,sample
GOLD_PROXY,GLOBAL,2025-07-04,2355.64,2383.91,2325.05,2353.29,2353.29,969000,2280338010,sample
GOLD_PROXY,GLOBAL,2025-07-07,2348.81,2384.15,2320.62,2355.88,2355.88,978500,2305228580,sample
GOLD_PROXY,GLOBAL,2025-07-08,2353.74,2386.76,2325.50,2358.46,2358.46,988000,2330158480,sample
GOLD_PROXY,GLOBAL,2025-07-09,2358.69,2389.38,2330.39,2361.05,2361.05,997500,2355147375,sample
GOLD_PROXY,GLOBAL,2025-07-10,2363.63,2391.99,2335.27,2363.63,2363.63,1007000,2380175410,sample
GOLD_PROXY,GLOBAL,2025-07-11,2368.59,2397.01,2337.83,2366.22,2366.22,1016500,2405262630,sample
GOLD_PROXY,GLOBAL,2025-07-14,2361.69,2397.23,2333.35,2368.80,2368.80,1026000,2430388800,sample
GOLD_PROXY,GLOBAL,2025-07-15,2366.65,2399.85,2338.25,2371.39,2371.39,1035500,2455574345,sample
GOLD_PROXY,GLOBAL,2025-07-16,2371.60,2402.46,2343.14,2373.97,2373.97,1045000,2480798650,sample
GOLD_PROXY,GLOBAL,2025-07-17,2376.56,2405.08,2348.04,2376.56,2376.56,950000,2257732000,sample
GOLD_PROXY,GLOBAL,2025-07-18,2341.53,2369.63,2311.12,2339.19,2339.19,959500,2244452805,sample
GOLD_PROXY,GLOBAL,2025-07-21,2334.75,2369.88,2306.73,2341.78,2341.78,969000,2269184820,sample
GOLD_PROXY,GLOBAL,2025-07-22,2339.67,2372.49,2311.59,2344.36,2344.36,978500,2293956260,sample
GOLD_PROXY,GLOBAL,2025-07-23,2344.60,2375.11,2316.46,2346.95,2346.95,988000,2318786600,sample
GOLD_PROXY,GLOBAL,2025-07-24,2349.53,2377.72,2321.34,2349.53,2349.53,997500,2343656175,sample
GOLD_PROXY,GLOBAL,2025-07-25,2354.47,2382.72,2323.89,2352.12,2352.12,1007000,2368584840,sample
GOLD_PROXY,GLOBAL,2025-07-28,2347.64,2382.96,2319.47,2354.70,2354.70,1016500,2393552550,sample
GOLD_PROXY,GLOBAL,2025-07-29,2352.58,2385.58,2324.35,2357.29,2357.29,1026000,2418579540,sample
GOLD_PROXY,GLOBAL,2025-07-30,2357.51,2388.19,2329.22,2359.87,2359.87,1035500,2443645385,sample
GOLD_PROXY,GLOBAL,2025-07-31,2362.46,2390.81,2334.11,2362.46,2362.46,1045000,2468770700,sample
GOLD_PROXY,GLOBAL,2025-08-01,2367.41,2395.82,2336.66,2365.04,2365.04,950000,2246788000,sample
GOLD_PROXY,GLOBAL,2025-08-04,2360.53,2396.04,2332.20,2367.63,2367.63,959500,2271740985,sample
GOLD_PROXY,GLOBAL,2025-08-05,2365.47,2398.65,2337.08,2370.21,2370.21,969000,2296733490,sample
GOLD_PROXY,GLOBAL,2025-08-06,2370.43,2401.27,2341.98,2372.80,2372.80,978500,2321784800,sample
GOLD_PROXY,GLOBAL,2025-08-07,2375.38,2403.88,2346.88,2375.38,2375.38,988000,2346875440,sample
GOLD_PROXY,GLOBAL,2025-08-08,2380.35,2408.91,2349.43,2377.97,2377.97,997500,2372025075,sample
GOLD_PROXY,GLOBAL,2025-08-11,2373.41,2409.12,2344.93,2380.55,2380.55,1007000,2397213850,sample
GOLD_PROXY,GLOBAL,2025-08-12,2338.50,2371.31,2310.44,2343.19,2343.19,1016500,2381852635,sample
GOLD_PROXY,GLOBAL,2025-08-13,2343.42,2373.92,2315.30,2345.77,2345.77,1026000,2406760020,sample
GOLD_PROXY,GLOBAL,2025-08-14,2348.36,2376.54,2320.18,2348.36,2348.36,1035500,2431726780,sample
GOLD_PROXY,GLOBAL,2025-08-15,2353.29,2381.53,2322.73,2350.94,2350.94,1045000,2456732300,sample
GOLD_PROXY,GLOBAL,2025-08-18,2346.47,2381.77,2318.31,2353.53,2353.53,950000,2235853500,sample
GOLD_PROXY,GLOBAL,2025-08-19,2351.40,2384.38,2323.18,2356.11,2356.11,959500,2260687545,sample
GOLD_PROXY,GLOBAL,2025-08-20,2356.34,2387.00,2328.06,2358.70,2358.70,969000,2285580300,sample
GOLD_PROXY,GLOBAL,2025-08-21,2361.28,2389.62,2332.94,2361.28,2361.28,978500,2310512480,sample
GOLD_PROXY,GLOBAL,2025-08-22,2366.23,2394.62,2335.50,2363.87,2363.87,988000,2335503560,sample
GOLD_PROXY,GLOBAL,2025-08-25,2359.35,2394.85,2331.04,2366.45,2366.45,997500,2360533875,sample
GOLD_PROXY,GLOBAL,2025-08-26,2364.30,2397.47,2335.93,2369.04,2369.04,1007000,2385623280,sample
GOLD_PROXY,GLOBAL,2025-08-27,2369.25,2400.08,2340.82,2371.62,2371.62,1016500,2410751730,sample
GOLD_PROXY,GLOBAL,2025-08-28,2374.21,2402.70,2345.72,2374.21,2374.21,1026000,2435939460,sample
GOLD_PROXY,GLOBAL,2025-08-29,2379.17,2407.72,2348.27,2376.79,2376.79,1035500,2461166045,sample
GOLD_PROXY,GLOBAL,2025-09-01,2372.24,2407.93,2343.77,2379.38,2379.38,1045000,2486452100,sample
GOLD_PROXY,GLOBAL,2025-09-02,2377.20,2410.54,2348.67,2381.96,2381.96,950000,2262862000,sample
GOLD_PROXY,GLOBAL,2025-09-03,2382.17,2413.16,2353.58,2384.55,2384.55,959500,2287975725,sample
GOLD_PROXY,GLOBAL,2025-09-04,2347.18,2375.35,2319.01,2347.18,2347.18,969000,2274417420,sample
GOLD_PROXY,GLOBAL,2025-09-05,2352.12,2380.35,2321.57,2349.77,2349.77,978500,2299249945,sample
GOLD_PROXY,GLOBAL,2025-09-08,2345.29,2380.58,2317.15,2352.35,2352.35,988000,2324121800,sample
GOLD_PROXY,GLOBAL,2025-09-09,2350.23,2383.20,2322.03,2354.94,2354.94,997500,2349052650,sample
GOLD_PROXY,GLOBAL,2025-09-10,2355.16,2385.81,2326.90,2357.52,2357.52,1007000,2374022640,sample
GOLD_PROXY,GLOBAL,2025-09-11,2360.11,2388.43,2331.79,2360.11,2360.11,1016500,2399051815,sample
GOLD_PROXY,GLOBAL,2025-09-12,2365.05,2393.43,2334.34,2362.69,2362.69,1026000,2424119940,sample
GOLD_PROXY,GLOBAL,2025-09-15,2358.18,2393.66,2329.88,2365.28,2365.28,1035500,2449247440,sample
GOLD_PROXY,GLOBAL,2025-09-16,2363.12,2396.27,2334.76,2367.86,2367.86,1045000,2474413700,sample
GOLD_PROXY,GLOBAL,2025-09-17,2368.08,2398.90,2339.66,2370.45,2370.45,950000,2251927500,sample
GOLD_PROXY,GLOBAL,2025-09-18,2373.03,2401.51,2344.55,2373.03,2373.03,959500,2276922285,sample
GOLD_PROXY,GLOBAL,2025-09-19,2378.00,2406.54,2347.11,2375.62,2375.62,969000,2301975780,sample
GOLD_PROXY,GLOBAL,2025-09-22,2371.07,2406.74,2342.62,2378.20,2378.20,978500,2327068700,sample
GOLD_PROXY,GLOBAL,2025-09-23,2376.03,2409.36,2347.52,2380.79,2380.79,988000,2352220520,sample
GOLD_PROXY,GLOBAL,2025-09-24,2380.99,2411.97,2352.42,2383.37,2383.37,997500,2377411575,sample
GOLD_PROXY,GLOBAL,2025-09-25,2385.96,2414.59,2357.33,2385.96,2385.96,1007000,2402661720,sample
GOLD_PROXY,GLOBAL,2025-09-26,2390.93,2419.62,2359.88,2388.54,2388.54,1016500,2427950910,sample
GOLD_PROXY,GLOBAL,2025-09-29,2344.13,2379.39,2316.00,2351.18,2351.18,1026000,2412310680,sample
GOLD_PROXY,GLOBAL,2025-09-30,2349.05,2382.01,2320.86,2353.76,2353.76,1035500,2437318480,sample
GOLD_PROXY,GLOBAL,2025-10-01,2353.99,2384.63,2325.74,2356.35,2356.35,1045000,2462385750,sample
GOLD_PROXY,GLOBAL,2025-10-02,2358.93,2387.24,2330.62,2358.93,2358.93,950000,2240983500,sample
GOLD_PROXY,GLOBAL,2025-10-03,2363.88,2392.25,2333.18,2361.52,2361.52,959500,2265878440,sample
GOLD_PROXY,GLOBAL,2025-10-06,2357.01,2392.47,2328.73,2364.10,2364.10,969000,2290812900,sample
GOLD_PROXY,GLOBAL,2025-10-07,2361.96,2395.09,2333.62,2366.69,2366.69,978500,2315806165,sample
GOLD_PROXY,GLOBAL,2025-10-08,2366.90,2397.70,2338.50,2369.27,2369.27,988000,2340838760,sample
GOLD_PROXY,GLOBAL,2025-10-09,2371.86,2400.32,2343.40,2371.86,2371.86,997500,2365930350,sample
GOLD_PROXY,GLOBAL,2025-10-10,2376.81,2405.33,2345.95,2374.44,2374.44,1007000,2391061080,sample
GOLD_PROXY,GLOBAL,2025-10-13,2369.90,2405.55,2341.46,2377.03,2377.03,1016500,2416250995,sample
GOLD_PROXY,GLOBAL,2025-10-14,2374.85,2408.17,2346.35,2379.61,2379.61,1026000,2441479860,sample
GOLD_PROXY,GLOBAL,2025-10-15,2379.82,2410.79,2351.26,2382.20,2382.20,1035500,2466768100,sample
GOLD_PROXY,GLOBAL,2025-10-16,2384.78,2413.40,2356.16,2384.78,2384.78,1045000,2492095100,sample
GOLD_PROXY,GLOBAL,2025-10-17,2389.76,2418.44,2358.72,2387.37,2387.37,950000,2268001500,sample
GOLD_PROXY,GLOBAL,2025-10-20,2382.78,2418.63,2354.19,2389.95,2389.95,959500,2293157025,sample
GOLD_PROXY,GLOBAL,2025-10-21,2387.75,2421.25,2359.10,2392.54,2392.54,969000,2318371260,sample
GOLD_PROXY,GLOBAL,2025-10-22,2352.81,2383.43,2324.58,2355.17,2355.17,978500,2304533845,sample
GOLD_PROXY,GLOBAL,2025-10-23,2357.76,2386.05,2329.47,2357.76,2357.76,988000,2329466880,sample
GOLD_PROXY,GLOBAL,2025-10-24,2362.70,2391.05,2332.02,2360.34,2360.34,997500,2354439150,sample
GOLD_PROXY,GLOBAL,2025-10-27,2355.84,2391.29,2327.57,2362.93,2362.93,1007000,2379470510,sample
GOLD_PROXY,GLOBAL,2025-10-28,2360.78,2393.90,2332.45,2365.51,2365.51,1016500,2404540915,sample
GOLD_PROXY,GLOBAL,2025-10-29,2365.73,2396.52,2337.34,2368.10,2368.10,1026000,2429670600,sample
GOLD_PROXY,GLOBAL,2025-10-30,2370.68,2399.13,2342.23,2370.68,2370.68,1035500,2454839140,sample
GOLD_PROXY,GLOBAL,2025-10-31,2375.64,2404.15,2344.79,2373.27,2373.27,1045000,2480067150,sample
GOLD_PROXY,GLOBAL,2025-11-03,2368.72,2404.36,2340.30,2375.85,2375.85,950000,2257057500,sample
GOLD_PROXY,GLOBAL,2025-11-04,2373.68,2406.98,2345.20,2378.44,2378.44,959500,2282113180,sample
GOLD_PROXY,GLOBAL,2025-11-05,2378.64,2409.59,2350.10,2381.02,2381.02,969000,2307208380,sample
GOLD_PROXY,GLOBAL,2025-11-06,2383.61,2412.21,2355.01,2383.61,2383.61,978500,2332362385,sample
GOLD_PROXY,GLOBAL,2025-11-07,2388.58,2417.24,2357.56,2386.19,2386.19,988000,2357555720,sample
GOLD_PROXY,GLOBAL,2025-11-10,2381.61,2417.45,2353.03,2388.78,2388.78,997500,2382808050,sample
GOLD_PROXY,GLOBAL,2025-11-11,2386.58,2420.06,2357.94,2391.36,2391.36,1007000,2408099520,sample
GOLD_PROXY,GLOBAL,2025-11-12,2391.56,2422.68,2362.86,2393.95,2393.95,1016500,2433450175,sample
GOLD_PROXY,GLOBAL,2025-11-13,2396.53,2425.29,2367.77,2396.53,2396.53,1026000,2458839780,sample
GOLD_PROXY,GLOBAL,2025-11-14,2361.53,2389.87,2330.86,2359.17,2359.17,1035500,2442920535,sample
GOLD_PROXY,GLOBAL,2025-11-17,2354.66,2390.09,2326.40,2361.75,2361.75,1045000,2468028750,sample
GOLD_PROXY,GLOBAL,2025-11-18,2359.61,2392.71,2331.29,2364.34,2364.34,950000,2246123000,sample
GOLD_PROXY,GLOBAL,2025-11-19,2364.55,2395.32,2336.18,2366.92,2366.92,959500,2271059740,sample
GOLD_PROXY,GLOBAL,2025-11-20,2369.51,2397.94,2341.08,2369.51,2369.51,969000,2296055190,sample
GOLD_PROXY,GLOBAL,2025-11-21,2374.46,2402.95,2343.62,2372.09,2372.09,978500,2321090065,sample
GOLD_PROXY,GLOBAL,2025-11-24,2367.56,2403.18,2339.15,2374.68,2374.68,988000,2346183840,sample
GOLD_PROXY,GLOBAL,2025-11-25,2372.51,2405.79,2344.04,2377.26,2377.26,997500,2371316850,sample
GOLD_PROXY,GLOBAL,2025-11-26,2377.47,2408.41,2348.94,2379.85,2379.85,1007000,2396508950,sample
GOLD_PROXY,GLOBAL,2025-11-27,2382.43,2411.02,2353.84,2382.43,2382.43,1016500,2421740095,sample
GOLD_PROXY,GLOBAL,2025-11-28,2387.41,2416.06,2356.40,2385.02,2385.02,1026000,2447030520,sample
GOLD_PROXY,GLOBAL,2025-12-01,2380.44,2416.25,2351.87,2387.60,2387.60,1035500,2472359800,sample
GOLD_PROXY,GLOBAL,2025-12-02,2385.41,2418.87,2356.79,2390.19,2390.19,1045000,2497748550,sample
GOLD_PROXY,GLOBAL,2025-12-03,2390.38,2421.48,2361.70,2392.77,2392.77,950000,2273131500,sample
GOLD_PROXY,GLOBAL,2025-12-04,2395.36,2424.10,2366.62,2395.36,2395.36,959500,2298347920,sample
GOLD_PROXY,GLOBAL,2025-12-05,2400.34,2429.14,2369.16,2397.94,2397.94,969000,2323603860,sample
GOLD_PROXY,GLOBAL,2025-12-08,2393.33,2429.34,2364.61,2400.53,2400.53,978500,2348918605,sample
GOLD_PROXY,GLOBAL,2025-12-09,2358.43,2391.52,2330.13,2363.16,2363.16,988000,2334802080,sample
GOLD_PROXY,GLOBAL,2025-12-10,2363.38,2394.14,2335.02,2365.75,2365.75,997500,2359835625,sample
GOLD_PROXY,GLOBAL,2025-12-11,2368.33,2396.75,2339.91,2368.33,2368.33,1007000,2384908310,sample
GOLD_PROXY,GLOBAL,2025-12-12,2373.29,2401.77,2342.47,2370.92,2370.92,1016500,2410040180,sample
GOLD_PROXY,GLOBAL,2025-12-15,2366.38,2401.98,2337.98,2373.50,2373.50,1026000,2435211000,sample
GOLD_PROXY,GLOBAL,2025-12-16,2371.34,2404.60,2342.88,2376.09,2376.09,1035500,2460441195,sample
GOLD_PROXY,GLOBAL,2025-12-17,2376.29,2407.21,2347.77,2378.67,2378.67,1045000,2485710150,sample
GOLD_PROXY,GLOBAL,2025-12-18,2381.26,2409.84,2352.68,2381.26,2381.26,950000,2262197000,sample
GOLD_PROXY,GLOBAL,2025-12-19,2386.22,2414.85,2355.23,2383.84,2383.84,959500,2287294480,sample
GOLD_PROXY,GLOBAL,2025-12-22,2379.27,2415.07,2350.72,2386.43,2386.43,969000,2312450670,sample
GOLD_PROXY,GLOBAL,2025-12-23,2384.23,2417.68,2355.62,2389.01,2389.01,978500,2337646285,sample
GOLD_PROXY,GLOBAL,2025-12-24,2389.21,2420.30,2360.54,2391.60,2391.60,988000,2362900800,sample
GOLD_PROXY,GLOBAL,2025-12-25,2394.18,2422.91,2365.45,2394.18,2394.18,997500,2388194550,sample
GOLD_PROXY,GLOBAL,2025-12-26,2399.17,2427.96,2368.01,2396.77,2396.77,1007000,2413547390,sample
GOLD_PROXY,GLOBAL,2025-12-29,2392.15,2428.14,2363.44,2399.35,2399.35,1016500,2438939275,sample
GOLD_PROXY,GLOBAL,2025-12-30,2397.14,2430.76,2368.37,2401.94,2401.94,1026000,2464390440,sample
GOLD_PROXY,GLOBAL,2025-12-31,2402.12,2433.37,2373.29,2404.52,2404.52,1035500,2489880460,sample
GOLD_PROXY,GLOBAL,2026-01-01,2367.16,2395.57,2338.75,2367.16,2367.16,1045000,2473682200,sample
GOLD_PROXY,GLOBAL,2026-01-02,2372.11,2400.58,2341.30,2369.74,2369.74,950000,2251253000,sample
GOLD_PROXY,GLOBAL,2026-01-05,2365.21,2400.80,2336.83,2372.33,2372.33,959500,2276250635,sample
GOLD_PROXY,GLOBAL,2026-01-06,2370.16,2403.41,2341.72,2374.91,2374.91,969000,2301287790,sample
GOLD_PROXY,GLOBAL,2026-01-07,2375.12,2406.03,2346.62,2377.50,2377.50,978500,2326383750,sample
GOLD_PROXY,GLOBAL,2026-01-08,2380.08,2408.64,2351.52,2380.08,2380.08,988000,2351519040,sample
GOLD_PROXY,GLOBAL,2026-01-09,2385.05,2413.67,2354.08,2382.67,2382.67,997500,2376713325,sample
GOLD_PROXY,GLOBAL,2026-01-12,2378.09,2413.87,2349.55,2385.25,2385.25,1007000,2401946750,sample
GOLD_PROXY,GLOBAL,2026-01-13,2383.06,2416.49,2354.46,2387.84,2387.84,1016500,2427239360,sample
GOLD_PROXY,GLOBAL,2026-01-14,2388.03,2419.11,2359.37,2390.42,2390.42,1026000,2452570920,sample
GOLD_PROXY,GLOBAL,2026-01-15,2393.01,2421.73,2364.29,2393.01,2393.01,1035500,2477961855,sample
GOLD_PROXY,GLOBAL,2026-01-16,2397.99,2426.77,2366.84,2395.59,2395.59,1045000,2503391550,sample
GOLD_PROXY,GLOBAL,2026-01-19,2390.99,2426.96,2362.30,2398.18,2398.18,950000,2278271000,sample
GOLD_PROXY,GLOBAL,2026-01-20,2395.96,2429.57,2367.21,2400.76,2400.76,959500,2303529220,sample
GOLD_PROXY,GLOBAL,2026-01-21,2400.95,2432.19,2372.14,2403.35,2403.35,969000,2328846150,sample
GOLD_PROXY,GLOBAL,2026-01-22,2405.93,2434.80,2377.06,2405.93,2405.93,978500,2354202505,sample
GOLD_PROXY,GLOBAL,2026-01-23,2410.93,2439.86,2379.62,2408.52,2408.52,988000,2379617760,sample
GOLD_PROXY,GLOBAL,2026-01-26,2364.04,2399.60,2335.67,2371.15,2371.15,997500,2365222125,sample
GOLD_PROXY,GLOBAL,2026-01-27,2368.99,2402.22,2340.56,2373.74,2373.74,1007000,2390356180,sample
GOLD_PROXY,GLOBAL,2026-01-28,2373.94,2404.84,2345.45,2376.32,2376.32,1016500,2415529280,sample
GOLD_PROXY,GLOBAL,2026-01-29,2378.91,2407.46,2350.36,2378.91,2378.91,1026000,2440761660,sample
GOLD_PROXY,GLOBAL,2026-01-30,2383.87,2412.48,2352.91,2381.49,2381.49,1035500,2466032895,sample
GOLD_PROXY,GLOBAL,2026-02-02,2376.93,2412.69,2348.41,2384.08,2384.08,1045000,2491363600,sample
GOLD_PROXY,GLOBAL,2026-02-03,2381.89,2415.30,2353.31,2386.66,2386.66,950000,2267327000,sample
GOLD_PROXY,GLOBAL,2026-02-04,2386.86,2417.92,2358.22,2389.25,2389.25,959500,2292485375,sample
GOLD_PROXY,GLOBAL,2026-02-05,2391.83,2420.53,2363.13,2391.83,2391.83,969000,2317683270,sample
GOLD_PROXY,GLOBAL,2026-02-06,2396.81,2425.57,2365.69,2394.42,2394.42,978500,2342939970,sample
GOLD_PROXY,GLOBAL,2026-02-09,2389.81,2425.76,2361.13,2397.00,2397.00,988000,2368236000,sample
GOLD_PROXY,GLOBAL,2026-02-10,2394.79,2428.39,2366.05,2399.59,2399.59,997500,2393591025,sample
GOLD_PROXY,GLOBAL,2026-02-11,2399.77,2431.00,2370.97,2402.17,2402.17,1007000,2418985190,sample
GOLD_PROXY,GLOBAL,2026-02-12,2404.76,2433.62,2375.90,2404.76,2404.76,1016500,2444438540,sample
GOLD_PROXY,GLOBAL,2026-02-13,2409.75,2438.67,2378.45,2407.34,2407.34,1026000,2469930840,sample
GOLD_PROXY,GLOBAL,2026-02-16,2402.70,2438.85,2373.87,2409.93,2409.93,1035500,2495482515,sample
GOLD_PROXY,GLOBAL,2026-02-17,2407.68,2441.46,2378.79,2412.51,2412.51,1045000,2521072950,sample
GOLD_PROXY,GLOBAL,2026-02-18,2372.77,2403.65,2344.30,2375.15,2375.15,950000,2256392500,sample
GOLD_PROXY,GLOBAL,2026-02-19,2377.73,2406.26,2349.20,2377.73,2377.73,959500,2281431935,sample
GOLD_PROXY,GLOBAL,2026-02-20,2382.70,2411.29,2351.76,2380.32,2380.32,969000,2306530080,sample
GOLD_PROXY,GLOBAL,2026-02-23,2375.75,2411.49,2347.24,2382.90,2382.90,978500,2331667650,sample
GOLD_PROXY,GLOBAL,2026-02-24,2380.72,2414.12,2352.15,2385.49,2385.49,988000,2356864120,sample
GOLD_PROXY,GLOBAL,2026-02-25,2385.68,2416.73,2357.05,2388.07,2388.07,997500,2382099825,sample
GOLD_PROXY,GLOBAL,2026-02-26,2390.66,2419.35,2361.97,2390.66,2390.66,1007000,2407394620,sample
GOLD_PROXY,GLOBAL,2026-02-27,2395.63,2424.38,2364.52,2393.24,2393.24,1016500,2432728460,sample
GOLD_PROXY,GLOBAL,2026-03-02,2388.64,2424.58,2359.98,2395.83,2395.83,1026000,2458121580,sample
GOLD_PROXY,GLOBAL,2026-03-03,2393.61,2427.19,2364.89,2398.41,2398.41,1035500,2483553555,sample
GOLD_PROXY,GLOBAL,2026-03-04,2398.60,2429.81,2369.82,2401.00,2401.00,1045000,2509045000,sample
GOLD_PROXY,GLOBAL,2026-03-05,2403.58,2432.42,2374.74,2403.58,2403.58,950000,2283401000,sample
GOLD_PROXY,GLOBAL,2026-03-06,2408.58,2437.48,2377.30,2406.17,2406.17,959500,2308720115,sample
GOLD_PROXY,GLOBAL,2026-03-09,2401.52,2437.66,2372.70,2408.75,2408.75,969000,2334078750,sample
GOLD_PROXY,GLOBAL,2026-03-10,2406.52,2440.28,2377.64,2411.34,2411.34,978500,2359496190,sample
GOLD_PROXY,GLOBAL,2026-03-11,2411.51,2442.89,2382.57,2413.92,2413.92,988000,2384952960,sample
GOLD_PROXY,GLOBAL,2026-03-12,2416.51,2445.51,2387.51,2416.51,2416.51,997500,2410468725,sample
GOLD_PROXY,GLOBAL,2026-03-13,2381.52,2410.10,2350.59,2379.14,2379.14,1007000,2395793980,sample
GOLD_PROXY,GLOBAL,2026-03-16,2374.58,2410.31,2346.09,2381.73,2381.73,1016500,2421028545,sample
GOLD_PROXY,GLOBAL,2026-03-17,2379.54,2412.92,2350.99,2384.31,2384.31,1026000,2446302060,sample
GOLD_PROXY,GLOBAL,2026-03-18,2384.51,2415.54,2355.90,2386.90,2386.90,1035500,2471634950,sample
GOLD_PROXY,GLOBAL,2026-03-19,2389.48,2418.15,2360.81,2389.48,2389.48,1045000,2497006600,sample
GOLD_PROXY,GLOBAL,2026-03-20,2394.46,2423.19,2363.37,2392.07,2392.07,950000,2272466500,sample
GOLD_PROXY,GLOBAL,2026-03-23,2387.47,2423.39,2358.82,2394.65,2394.65,959500,2297666675,sample
GOLD_PROXY,GLOBAL,2026-03-24,2392.45,2426.01,2363.74,2397.24,2397.24,969000,2322925560,sample
GOLD_PROXY,GLOBAL,2026-03-25,2397.42,2428.62,2368.65,2399.82,2399.82,978500,2348223870,sample
GOLD_PROXY,GLOBAL,2026-03-26,2402.41,2431.24,2373.58,2402.41,2402.41,988000,2373581080,sample
GOLD_PROXY,GLOBAL,2026-03-27,2407.39,2436.28,2376.13,2404.99,2404.99,997500,2398977525,sample
GOLD_PROXY,GLOBAL,2026-03-30,2400.36,2436.47,2371.56,2407.58,2407.58,1007000,2424433060,sample
GOLD_PROXY,GLOBAL,2026-03-31,2405.34,2439.08,2376.48,2410.16,2410.16,1016500,2449927640,sample
GOLD_PROXY,GLOBAL,2026-04-01,2410.34,2441.70,2381.42,2412.75,2412.75,1026000,2475481500,sample
GOLD_PROXY,GLOBAL,2026-04-02,2415.33,2444.31,2386.35,2415.33,2415.33,1035500,2501074215,sample
GOLD_PROXY,GLOBAL,2026-04-03,2420.34,2449.38,2388.90,2417.92,2417.92,1045000,2526726400,sample
GOLD_PROXY,GLOBAL,2026-04-06,2413.24,2449.55,2384.28,2420.50,2420.50,950000,2299475000,sample
GOLD_PROXY,GLOBAL,2026-04-07,2378.37,2411.74,2349.83,2383.14,2383.14,959500,2286622830,sample
GOLD_PROXY,GLOBAL,2026-04-08,2383.33,2414.35,2354.73,2385.72,2385.72,969000,2311762680,sample
GOLD_PROXY,GLOBAL,2026-04-09,2388.31,2416.97,2359.65,2388.31,2388.31,978500,2336961335,sample
GOLD_PROXY,GLOBAL,2026-04-10,2393.28,2422.00,2362.20,2390.89,2390.89,988000,2362199320,sample
GOLD_PROXY,GLOBAL,2026-04-13,2386.30,2422.20,2357.66,2393.48,2393.48,997500,2387496300,sample
GOLD_PROXY,GLOBAL,2026-04-14,2391.27,2424.81,2362.57,2396.06,2396.06,1007000,2412832420,sample
GOLD_PROXY,GLOBAL,2026-04-15,2396.25,2427.43,2367.50,2398.65,2398.65,1016500,2438227725,sample
GOLD_PROXY,GLOBAL,2026-04-16,2401.23,2430.04,2372.42,2401.23,2401.23,1026000,2463661980,sample
GOLD_PROXY,GLOBAL,2026-04-17,2406.22,2435.09,2374.97,2403.82,2403.82,1035500,2489155610,sample
GOLD_PROXY,GLOBAL,2026-04-20,2399.18,2435.28,2370.39,2406.40,2406.40,1045000,2514688000,sample
GOLD_PROXY,GLOBAL,2026-04-21,2404.17,2437.90,2375.32,2408.99,2408.99,950000,2288540500,sample
GOLD_PROXY,GLOBAL,2026-04-22,2409.16,2440.51,2380.25,2411.57,2411.57,959500,2313901415,sample
GOLD_PROXY,GLOBAL,2026-04-23,2414.16,2443.13,2385.19,2414.16,2414.16,969000,2339321040,sample
GOLD_PROXY,GLOBAL,2026-04-24,2419.16,2448.19,2387.74,2416.74,2416.74,978500,2364780090,sample
GOLD_PROXY,GLOBAL,2026-04-27,2412.07,2448.36,2383.13,2419.33,2419.33,988000,2390298040,sample
GOLD_PROXY,GLOBAL,2026-04-28,2417.07,2450.97,2388.07,2421.91,2421.91,997500,2415855225,sample
GOLD_PROXY,GLOBAL,2026-04-29,2422.08,2453.59,2393.02,2424.50,2424.50,1007000,2441471500,sample
GOLD_PROXY,GLOBAL,2026-04-30,2387.13,2415.78,2358.48,2387.13,2387.13,1016500,2426517645,sample
GOLD_PROXY,GLOBAL,2026-05-01,2392.11,2420.82,2361.04,2389.72,2389.72,1026000,2451852720,sample
GOLD_PROXY,GLOBAL,2026-05-04,2385.12,2421.01,2356.50,2392.30,2392.30,1035500,2477226650,sample
GOLD_PROXY,GLOBAL,2026-05-05,2390.10,2423.63,2361.42,2394.89,2394.89,1045000,2502660050,sample
GOLD_PROXY,GLOBAL,2026-05-06,2395.07,2426.24,2366.33,2397.47,2397.47,950000,2277596500,sample
GOLD_PROXY,GLOBAL,2026-05-07,2400.06,2428.86,2371.26,2400.06,2400.06,959500,2302857570,sample
GOLD_PROXY,GLOBAL,2026-05-08,2405.04,2433.90,2373.81,2402.64,2402.64,969000,2328158160,sample
GOLD_PROXY,GLOBAL,2026-05-11,2398.01,2434.09,2369.23,2405.23,2405.23,978500,2353517555,sample
GOLD_PROXY,GLOBAL,2026-05-12,2402.99,2436.70,2374.15,2407.81,2407.81,988000,2378916280,sample
GOLD_PROXY,GLOBAL,2026-05-13,2407.99,2439.32,2379.09,2410.40,2410.40,997500,2404374000,sample
GOLD_PROXY,GLOBAL,2026-05-14,2412.98,2441.94,2384.02,2412.98,2412.98,1007000,2429870860,sample
GOLD_PROXY,GLOBAL,2026-05-15,2417.99,2447.01,2386.58,2415.57,2415.57,1016500,2455426905,sample
GOLD_PROXY,GLOBAL,2026-05-18,2410.90,2447.17,2381.97,2418.15,2418.15,1026000,2481021900,sample
GOLD_PROXY,GLOBAL,2026-05-19,2415.90,2449.79,2386.91,2420.74,2420.74,1035500,2506676270,sample
GOLD_PROXY,GLOBAL,2026-05-20,2420.90,2452.40,2391.85,2423.32,2423.32,1045000,2532369400,sample
GOLD_PROXY,GLOBAL,2026-05-21,2425.91,2455.02,2396.80,2425.91,2425.91,950000,2304614500,sample
GOLD_PROXY,GLOBAL,2026-05-22,2430.92,2460.09,2399.35,2428.49,2428.49,959500,2330136155,sample
GOLD_PROXY,GLOBAL,2026-05-25,2383.96,2419.82,2355.35,2391.13,2391.13,969000,2317004970,sample
GOLD_PROXY,GLOBAL,2026-05-26,2388.92,2422.43,2360.25,2393.71,2393.71,978500,2342245235,sample
GOLD_PROXY,GLOBAL,2026-05-27,2393.90,2425.06,2365.17,2396.30,2396.30,988000,2367544400,sample
GOLD_PROXY,GLOBAL,2026-05-28,2398.88,2427.67,2370.09,2398.88,2398.88,997500,2392882800,sample
GOLD_PROXY,GLOBAL,2026-05-29,2403.87,2432.72,2372.65,2401.47,2401.47,1007000,2418280290,sample
BTC_PROXY,GLOBAL,2025-06-02,67253.63,68265.47,66446.59,67456.00,67456.00,450000,30355200000,sample
BTC_PROXY,GLOBAL,2025-06-03,67395.74,68341.17,66586.99,67530.80,67530.80,454500,30692748600,sample
BTC_PROXY,GLOBAL,2025-06-04,67537.99,68416.87,66727.53,67605.60,67605.60,459000,31030970400,sample
BTC_PROXY,GLOBAL,2025-06-05,67680.40,68492.56,66868.24,67680.40,67680.40,463500,31369865400,sample
BTC_PROXY,GLOBAL,2025-06-06,67822.96,68636.84,66942.14,67755.20,67755.20,468000,31709433600,sample
BTC_PROXY,GLOBAL,2025-06-09,67626.51,68643.96,66814.99,67830.00,67830.00,472500,32049675000,sample
BTC_PROXY,GLOBAL,2025-06-10,67768.99,68719.66,66955.76,67904.80,67904.80,477000,32390589600,sample
BTC_PROXY,GLOBAL,2025-06-11,67911.62,68795.36,67096.68,67979.60,67979.60,481500,32732177400,sample
BTC_PROXY,GLOBAL,2025-06-12,68054.40,68871.05,67237.75,68054.40,68054.40,486000,33074438400,sample
BTC_PROXY,GLOBAL,2025-06-13,68197.33,69015.70,67311.65,68129.20,68129.20,490500,33417372600,sample
BTC_PROXY,GLOBAL,2025-06-16,67999.39,69022.45,67183.40,68204.00,68204.00,495000,33760980000,sample
BTC_PROXY,GLOBAL,2025-06-17,68142.24,69098.15,67324.53,68278.80,68278.80,450000,30725460000,sample
BTC_PROXY,GLOBAL,2025-06-18,68285.25,69173.84,67465.83,68353.60,68353.60,454500,31066711200,sample
BTC_PROXY,GLOBAL,2025-06-19,68428.40,69249.54,67607.26,68428.40,68428.40,459000,31408635600,sample
BTC_PROXY,GLOBAL,2025-06-20,68571.70,69394.56,67681.16,68503.20,68503.20,463500,31751233200,sample
BTC_PROXY,GLOBAL,2025-06-23,68372.27,69400.94,67551.80,68578.00,68578.00,468000,32094504000,sample
BTC_PROXY,GLOBAL,2025-06-24,68515.49,69476.63,67693.30,68652.80,68652.80,472500,32438448000,sample
BTC_PROXY,GLOBAL,2025-06-25,67504.03,68382.46,66693.98,67571.60,67571.60,477000,32231653200,sample
BTC_PROXY,GLOBAL,2025-06-26,67646.40,68458.16,66834.64,67646.40,67646.40,481500,32571741600,sample
BTC_PROXY,GLOBAL,2025-06-27,67788.92,68602.39,66908.55,67721.20,67721.20,486000,32912503200,sample
BTC_PROXY,GLOBAL,2025-06-30,67592.61,68609.55,66781.50,67796.00,67796.00,490500,33253938000,sample
BTC_PROXY,GLOBAL,2025-07-01,67735.06,68685.25,66922.24,67870.80,67870.80,495000,33596046000,sample
BTC_PROXY,GLOBAL,2025-07-02,67877.65,68760.95,67063.12,67945.60,67945.60,450000,30575520000,sample
BTC_PROXY,GLOBAL,2025-07-03,68020.40,68836.64,67204.16,68020.40,68020.40,454500,30915271800,sample
BTC_PROXY,GLOBAL,2025-07-04,68163.30,68981.26,67278.06,68095.20,68095.20,459000,31255696800,sample
BTC_PROXY,GLOBAL,2025-07-07,67965.49,68988.04,67149.90,68170.00,68170.00,463500,31596795000,sample
BTC_PROXY,GLOBAL,2025-07-08,68108.31,69063.74,67291.01,68244.80,68244.80,468000,31938566400,sample
BTC_PROXY,GLOBAL,2025-07-09,68251.28,69139.44,67432.26,68319.60,68319.60,472500,32281011000,sample
BTC_PROXY,GLOBAL,2025-07-10,68394.40,69215.13,67573.67,68394.40,68394.40,477000,32624128800,sample
BTC_PROXY,GLOBAL,2025-07-11,68537.67,69360.12,67647.57,68469.20,68469.20,481500,32967919800,sample
BTC_PROXY,GLOBAL,2025-07-14,68338.37,69366.53,67518.31,68544.00,68544.00,486000,33312384000,sample
BTC_PROXY,GLOBAL,2025-07-15,68481.56,69442.23,67659.78,68618.80,68618.80,490500,33657521400,sample
BTC_PROXY,GLOBAL,2025-07-16,68624.91,69517.92,67801.41,68693.60,68693.60,495000,34003332000,sample
BTC_PROXY,GLOBAL,2025-07-17,68768.40,69593.62,67943.18,68768.40,68768.40,450000,30945780000,sample
BTC_PROXY,GLOBAL,2025-07-18,67754.89,68567.95,66874.95,67687.20,67687.20,454500,30763832400,sample
BTC_PROXY,GLOBAL,2025-07-21,67558.71,68575.14,66748.01,67762.00,67762.00,459000,31102758000,sample
BTC_PROXY,GLOBAL,2025-07-22,67701.13,68650.84,66888.72,67836.80,67836.80,463500,31442356800,sample
BTC_PROXY,GLOBAL,2025-07-23,67843.69,68726.54,67029.57,67911.60,67911.60,468000,31782628800,sample
BTC_PROXY,GLOBAL,2025-07-24,67986.40,68802.24,67170.56,67986.40,67986.40,472500,32123574000,sample
BTC_PROXY,GLOBAL,2025-07-25,68129.26,68946.81,67244.47,68061.20,68061.20,477000,32465192400,sample
BTC_PROXY,GLOBAL,2025-07-28,67931.59,68953.63,67116.41,68136.00,68136.00,481500,32807484000,sample
BTC_PROXY,GLOBAL,2025-07-29,68074.38,69029.33,67257.49,68210.80,68210.80,486000,33150448800,sample
BTC_PROXY,GLOBAL,2025-07-30,68217.31,69105.03,67398.70,68285.60,68285.60,490500,33494086800,sample
BTC_PROXY,GLOBAL,2025-07-31,68360.40,69180.72,67540.08,68360.40,68360.40,495000,33838398000,sample
BTC_PROXY,GLOBAL,2025-08-01,68503.64,69325.68,67613.98,68435.20,68435.20,450000,30795840000,sample
BTC_PROXY,GLOBAL,2025-08-04,68304.47,69332.12,67484.82,68510.00,68510.00,454500,31137795000,sample
BTC_PROXY,GLOBAL,2025-08-05,68447.63,69407.82,67626.26,68584.80,68584.80,459000,31480423200,sample
BTC_PROXY,GLOBAL,2025-08-06,68590.94,69483.52,67767.85,68659.60,68659.60,463500,31823724600,sample
BTC_PROXY,GLOBAL,2025-08-07,68734.40,69559.21,67909.59,68734.40,68734.40,468000,32167699200,sample
BTC_PROXY,GLOBAL,2025-08-08,68878.01,69704.55,67983.49,68809.20,68809.20,472500,32512347000,sample
BTC_PROXY,GLOBAL,2025-08-11,68677.35,69710.61,67853.22,68884.00,68884.00,477000,32857668000,sample
BTC_PROXY,GLOBAL,2025-08-12,67667.19,68616.43,66855.18,67802.80,67802.80,481500,32647048200,sample
BTC_PROXY,GLOBAL,2025-08-13,67809.72,68692.13,66996.00,67877.60,67877.60,486000,32988513600,sample
BTC_PROXY,GLOBAL,2025-08-14,67952.40,68767.83,67136.97,67952.40,67952.40,490500,33330652200,sample
BTC_PROXY,GLOBAL,2025-08-15,68095.23,68912.37,67210.87,68027.20,68027.20,495000,33673464000,sample
BTC_PROXY,GLOBAL,2025-08-18,67897.69,68919.22,67082.92,68102.00,68102.00,450000,30645900000,sample
BTC_PROXY,GLOBAL,2025-08-19,68040.45,68994.92,67223.96,68176.80,68176.80,454500,30986355600,sample
BTC_PROXY,GLOBAL,2025-08-20,68183.35,69070.62,67365.15,68251.60,68251.60,459000,31327484400,sample
BTC_PROXY,GLOBAL,2025-08-21,68326.40,69146.32,67506.48,68326.40,68326.40,463500,31669286400,sample
BTC_PROXY,GLOBAL,2025-08-22,68469.60,69291.24,67580.39,68401.20,68401.20,468000,32011761600,sample
BTC_PROXY,GLOBAL,2025-08-25,68270.57,69297.71,67451.32,68476.00,68476.00,472500,32354910000,sample
BTC_PROXY,GLOBAL,2025-08-26,68413.70,69373.41,67592.74,68550.80,68550.80,477000,32698731600,sample
BTC_PROXY,GLOBAL,2025-08-27,68556.97,69449.11,67734.29,68625.60,68625.60,481500,33043226400,sample
BTC_PROXY,GLOBAL,2025-08-28,68700.40,69524.80,67876.00,68700.40,68700.40,486000,33388394400,sample
BTC_PROXY,GLOBAL,2025-08-29,68843.98,69670.11,67949.90,68775.20,68775.20,490500,33734235600,sample
BTC_PROXY,GLOBAL,2025-09-01,68643.45,69676.20,67819.73,68850.00,68850.00,495000,34080750000,sample
BTC_PROXY,GLOBAL,2025-09-02,68786.95,69751.90,67961.51,68924.80,68924.80,450000,31016160000,sample
BTC_PROXY,GLOBAL,2025-09-03,68930.60,69827.60,68103.43,68999.60,68999.60,454500,31360318200,sample
BTC_PROXY,GLOBAL,2025-09-04,67918.40,68733.42,67103.38,67918.40,67918.40,459000,31174545600,sample
BTC_PROXY,GLOBAL,2025-09-05,68061.19,68877.92,67177.28,67993.20,67993.20,463500,31514848200,sample
BTC_PROXY,GLOBAL,2025-09-08,67863.80,68884.82,67049.43,68068.00,68068.00,468000,31855824000,sample
BTC_PROXY,GLOBAL,2025-09-09,68006.51,68960.51,67190.43,68142.80,68142.80,472500,32197473000,sample
BTC_PROXY,GLOBAL,2025-09-10,68149.38,69036.21,67331.59,68217.60,68217.60,477000,32539795200,sample
BTC_PROXY,GLOBAL,2025-09-11,68292.40,69111.91,67472.89,68292.40,68292.40,481500,32882790600,sample
BTC_PROXY,GLOBAL,2025-09-12,68435.57,69256.80,67546.79,68367.20,68367.20,486000,33226459200,sample
BTC_PROXY,GLOBAL,2025-09-15,68236.67,69263.30,67417.83,68442.00,68442.00,490500,33570801000,sample
BTC_PROXY,GLOBAL,2025-09-16,68379.77,69339.00,67559.21,68516.80,68516.80,495000,33915816000,sample
BTC_PROXY,GLOBAL,2025-09-17,68523.01,69414.70,67700.73,68591.60,68591.60,450000,30866220000,sample
BTC_PROXY,GLOBAL,2025-09-18,68666.40,69490.40,67842.40,68666.40,68666.40,454500,31208878800,sample
BTC_PROXY,GLOBAL,2025-09-19,68809.94,69635.66,67916.31,68741.20,68741.20,459000,31552210800,sample
BTC_PROXY,GLOBAL,2025-09-22,68609.55,69641.79,67786.24,68816.00,68816.00,463500,31896216000,sample
BTC_PROXY,GLOBAL,2025-09-23,68753.02,69717.49,67927.98,68890.80,68890.80,468000,32240894400,sample
BTC_PROXY,GLOBAL,2025-09-24,68896.63,69793.19,68069.87,68965.60,68965.60,472500,32586246000,sample
BTC_PROXY,GLOBAL,2025-09-25,69040.40,69868.88,68211.92,69040.40,69040.40,477000,32932270800,sample
BTC_PROXY,GLOBAL,2025-09-26,69184.32,70014.53,68285.82,69115.20,69115.20,481500,33278968800,sample
BTC_PROXY,GLOBAL,2025-09-29,67829.90,68850.41,67015.94,68034.00,68034.00,486000,33064524000,sample
BTC_PROXY,GLOBAL,2025-09-30,67972.58,68926.11,67156.91,68108.80,68108.80,490500,33407366400,sample
BTC_PROXY,GLOBAL,2025-10-01,68115.42,69001.80,67298.03,68183.60,68183.60,495000,33750882000,sample
BTC_PROXY,GLOBAL,2025-10-02,68258.40,69077.50,67439.30,68258.40,68258.40,450000,30716280000,sample
BTC_PROXY,GLOBAL,2025-10-03,68401.53,69222.35,67513.20,68333.20,68333.20,454500,31057439400,sample
BTC_PROXY,GLOBAL,2025-10-06,68202.78,69228.90,67384.35,68408.00,68408.00,459000,31399272000,sample
BTC_PROXY,GLOBAL,2025-10-07,68345.83,69304.59,67525.68,68482.80,68482.80,463500,31741777800,sample
BTC_PROXY,GLOBAL,2025-10-08,68489.04,69380.29,67667.17,68557.60,68557.60,468000,32084956800,sample
BTC_PROXY,GLOBAL,2025-10-09,68632.40,69455.99,67808.81,68632.40,68632.40,472500,32428809000,sample
BTC_PROXY,GLOBAL,2025-10-10,68775.91,69601.22,67882.71,68707.20,68707.20,477000,32773334400,sample
BTC_PROXY,GLOBAL,2025-10-13,68575.65,69607.38,67752.74,68782.00,68782.00,481500,33118533000,sample
BTC_PROXY,GLOBAL,2025-10-14,68719.09,69683.08,67894.46,68856.80,68856.80,486000,33464404800,sample
BTC_PROXY,GLOBAL,2025-10-15,68862.67,69758.78,68036.32,68931.60,68931.60,490500,33810949800,sample
BTC_PROXY,GLOBAL,2025-10-16,69006.40,69834.48,68178.32,69006.40,69006.40,495000,34158168000,sample
BTC_PROXY,GLOBAL,2025-10-17,69150.28,69980.08,68252.23,69081.20,69081.20,450000,31086540000,sample
BTC_PROXY,GLOBAL,2025-10-20,68948.53,69985.87,68121.15,69156.00,69156.00,454500,31431402000,sample
BTC_PROXY,GLOBAL,2025-10-21,69092.34,70061.57,68263.23,69230.80,69230.80,459000,31776937200,sample
BTC_PROXY,GLOBAL,2025-10-22,68081.45,68967.40,67264.47,68149.60,68149.60,463500,31587339600,sample
BTC_PROXY,GLOBAL,2025-10-23,68224.40,69043.09,67405.71,68224.40,68224.40,468000,31929019200,sample
BTC_PROXY,GLOBAL,2025-10-24,68367.50,69187.91,67479.61,68299.20,68299.20,472500,32271372000,sample
BTC_PROXY,GLOBAL,2025-10-27,68168.88,69194.49,67350.85,68374.00,68374.00,477000,32614398000,sample
BTC_PROXY,GLOBAL,2025-10-28,68311.90,69270.19,67492.16,68448.80,68448.80,481500,32958097200,sample
BTC_PROXY,GLOBAL,2025-10-29,68455.08,69345.88,67633.62,68523.60,68523.60,486000,33302469600,sample
BTC_PROXY,GLOBAL,2025-10-30,68598.40,69421.58,67775.22,68598.40,68598.40,490500,33647515200,sample
BTC_PROXY,GLOBAL,2025-10-31,68741.87,69566.77,67849.12,68673.20,68673.20,495000,33993234000,sample
BTC_PROXY,GLOBAL,2025-11-03,68541.76,69572.98,67719.26,68748.00,68748.00,450000,30936600000,sample
BTC_PROXY,GLOBAL,2025-11-04,68685.15,69648.67,67860.93,68822.80,68822.80,454500,31279962600,sample
BTC_PROXY,GLOBAL,2025-11-05,68828.70,69724.37,68002.76,68897.60,68897.60,459000,31623998400,sample
BTC_PROXY,GLOBAL,2025-11-06,68972.40,69800.07,68144.73,68972.40,68972.40,463500,31968707400,sample
BTC_PROXY,GLOBAL,2025-11-07,69116.25,69945.65,68218.63,69047.20,69047.20,468000,32314089600,sample
BTC_PROXY,GLOBAL,2025-11-10,68914.63,69951.46,68087.65,69122.00,69122.00,472500,32660145000,sample
BTC_PROXY,GLOBAL,2025-11-11,69058.41,70027.16,68229.71,69196.80,69196.80,477000,33006873600,sample
BTC_PROXY,GLOBAL,2025-11-12,69202.33,70102.86,68371.90,69271.60,69271.60,481500,33354275400,sample
BTC_PROXY,GLOBAL,2025-11-13,69346.40,70178.56,68514.24,69346.40,69346.40,486000,33702350400,sample
BTC_PROXY,GLOBAL,2025-11-14,68333.47,69153.47,67446.02,68265.20,68265.20,490500,33484080600,sample
BTC_PROXY,GLOBAL,2025-11-17,68134.98,69160.08,67317.36,68340.00,68340.00,495000,33828300000,sample
BTC_PROXY,GLOBAL,2025-11-18,68277.97,69235.78,67458.63,68414.80,68414.80,450000,30786660000,sample
BTC_PROXY,GLOBAL,2025-11-19,68421.11,69311.48,67600.06,68489.60,68489.60,454500,31128523200,sample
BTC_PROXY,GLOBAL,2025-11-20,68564.40,69387.17,67741.63,68564.40,68564.40,459000,31471059600,sample
BTC_PROXY,GLOBAL,2025-11-21,68707.84,69532.33,67815.53,68639.20,68639.20,463500,31814269200,sample
BTC_PROXY,GLOBAL,2025-11-24,68507.86,69538.57,67685.77,68714.00,68714.00,468000,32158152000,sample
BTC_PROXY,GLOBAL,2025-11-25,68651.22,69614.27,67827.41,68788.80,68788.80,472500,32502708000,sample
BTC_PROXY,GLOBAL,2025-11-26,68794.74,69689.96,67969.20,68863.60,68863.60,477000,32847937200,sample
BTC_PROXY,GLOBAL,2025-11-27,68938.40,69765.66,68111.14,68938.40,68938.40,481500,33193839600,sample
BTC_PROXY,GLOBAL,2025-11-28,69082.21,69911.20,68185.04,69013.20,69013.20,486000,33540415200,sample
BTC_PROXY,GLOBAL,2025-12-01,68880.74,69917.06,68054.17,69088.00,69088.00,490500,33887664000,sample
BTC_PROXY,GLOBAL,2025-12-02,69024.47,69992.75,68196.18,69162.80,69162.80,495000,34235586000,sample
BTC_PROXY,GLOBAL,2025-12-03,69168.36,70068.45,68338.34,69237.60,69237.60,450000,31156920000,sample
BTC_PROXY,GLOBAL,2025-12-04,69312.40,70144.15,68480.65,69312.40,69312.40,454500,31502485800,sample
BTC_PROXY,GLOBAL,2025-12-05,69456.59,70290.07,68554.55,69387.20,69387.20,459000,31848724800,sample
BTC_PROXY,GLOBAL,2025-12-08,69253.61,70295.54,68422.57,69462.00,69462.00,463500,32195637000,sample
BTC_PROXY,GLOBAL,2025-12-09,68244.04,69201.37,67425.11,68380.80,68380.80,468000,32002214400,sample
BTC_PROXY,GLOBAL,2025-12-10,68387.14,69277.07,67566.49,68455.60,68455.60,472500,32345271000,sample
BTC_PROXY,GLOBAL,2025-12-11,68530.40,69352.76,67708.04,68530.40,68530.40,477000,32689000800,sample
BTC_PROXY,GLOBAL,2025-12-12,68673.81,69497.90,67781.94,68605.20,68605.20,481500,33033403800,sample
BTC_PROXY,GLOBAL,2025-12-15,68473.96,69504.16,67652.27,68680.00,68680.00,486000,33378480000,sample
BTC_PROXY,GLOBAL,2025-12-16,68617.29,69579.86,67793.88,68754.80,68754.80,490500,33724229400,sample
BTC_PROXY,GLOBAL,2025-12-17,68760.77,69655.56,67935.64,68829.60,68829.60,495000,34070652000,sample
BTC_PROXY,GLOBAL,2025-12-18,68904.40,69731.25,68077.55,68904.40,68904.40,450000,31006980000,sample
BTC_PROXY,GLOBAL,2025-12-19,69048.18,69876.76,68151.45,68979.20,68979.20,454500,31351046400,sample
BTC_PROXY,GLOBAL,2025-12-22,68846.84,69882.65,68020.68,69054.00,69054.00,459000,31695786000,sample
BTC_PROXY,GLOBAL,2025-12-23,68990.54,69958.35,68162.65,69128.80,69128.80,463500,32041198800,sample
BTC_PROXY,GLOBAL,2025-12-24,69134.40,70034.04,68304.79,69203.60,69203.60,468000,32387284800,sample
BTC_PROXY,GLOBAL,2025-12-25,69278.40,70109.74,68447.06,69278.40,69278.40,472500,32734044000,sample
BTC_PROXY,GLOBAL,2025-12-26,69422.55,70255.62,68520.96,69353.20,69353.20,477000,33081476400,sample
BTC_PROXY,GLOBAL,2025-12-29,69219.72,70261.14,68389.08,69428.00,69428.00,481500,33429582000,sample
BTC_PROXY,GLOBAL,2025-12-30,69363.79,70336.83,68531.42,69502.80,69502.80,486000,33778360800,sample
BTC_PROXY,GLOBAL,2025-12-31,69508.02,70412.53,68673.92,69577.60,69577.60,490500,34127812800,sample
BTC_PROXY,GLOBAL,2026-01-01,68496.40,69318.36,67674.44,68496.40,68496.40,495000,33905718000,sample
BTC_PROXY,GLOBAL,2026-01-02,68639.77,69463.45,67748.35,68571.20,68571.20,450000,30857040000,sample
BTC_PROXY,GLOBAL,2026-01-05,68440.06,69469.75,67618.78,68646.00,68646.00,454500,31199607000,sample
BTC_PROXY,GLOBAL,2026-01-06,68583.36,69545.45,67760.36,68720.80,68720.80,459000,31542847200,sample
BTC_PROXY,GLOBAL,2026-01-07,68726.80,69621.15,67902.08,68795.60,68795.60,463500,31886760600,sample
BTC_PROXY,GLOBAL,2026-01-08,68870.40,69696.84,68043.96,68870.40,68870.40,468000,32231347200,sample
BTC_PROXY,GLOBAL,2026-01-09,69014.15,69842.32,68117.86,68945.20,68945.20,472500,32576607000,sample
BTC_PROXY,GLOBAL,2026-01-12,68812.94,69848.24,67987.18,69020.00,69020.00,477000,32922540000,sample
BTC_PROXY,GLOBAL,2026-01-13,68956.61,69923.94,68129.13,69094.80,69094.80,481500,33269146200,sample
BTC_PROXY,GLOBAL,2026-01-14,69100.43,69999.64,68271.22,69169.60,69169.60,486000,33616425600,sample
BTC_PROXY,GLOBAL,2026-01-15,69244.40,70075.33,68413.47,69244.40,69244.40,490500,33964378200,sample
BTC_PROXY,GLOBAL,2026-01-16,69388.52,70221.18,68487.37,69319.20,69319.20,495000,34313004000,sample
BTC_PROXY,GLOBAL,2026-01-19,69185.82,70226.73,68355.59,69394.00,69394.00,450000,31227300000,sample
BTC_PROXY,GLOBAL,2026-01-20,69329.86,70302.43,68497.90,69468.80,69468.80,454500,31573569600,sample
BTC_PROXY,GLOBAL,2026-01-21,69474.06,70378.12,68640.37,69543.60,69543.60,459000,31920512400,sample
BTC_PROXY,GLOBAL,2026-01-22,69618.40,70453.82,68782.98,69618.40,69618.40,463500,32268128400,sample
BTC_PROXY,GLOBAL,2026-01-23,69762.89,70600.04,68856.88,69693.20,69693.20,468000,32616417600,sample
BTC_PROXY,GLOBAL,2026-01-26,68406.16,69435.34,67585.29,68612.00,68612.00,472500,32419170000,sample
BTC_PROXY,GLOBAL,2026-01-27,68549.43,69511.04,67726.84,68686.80,68686.80,477000,32763603600,sample
BTC_PROXY,GLOBAL,2026-01-28,68692.84,69586.74,67868.53,68761.60,68761.60,481500,33108710400,sample
BTC_PROXY,GLOBAL,2026-01-29,68836.40,69662.44,68010.36,68836.40,68836.40,486000,33454490400,sample
BTC_PROXY,GLOBAL,2026-01-30,68980.11,69807.87,68084.27,68911.20,68911.20,490500,33800943600,sample
BTC_PROXY,GLOBAL,2026-02-02,68779.04,69813.83,67953.69,68986.00,68986.00,495000,34148070000,sample
BTC_PROXY,GLOBAL,2026-02-03,68922.68,69889.53,68095.61,69060.80,69060.80,450000,31077360000,sample
BTC_PROXY,GLOBAL,2026-02-04,69066.46,69965.23,68237.66,69135.60,69135.60,454500,31422130200,sample
BTC_PROXY,GLOBAL,2026-02-05,69210.40,70040.92,68379.88,69210.40,69210.40,459000,31767573600,sample
BTC_PROXY,GLOBAL,2026-02-06,69354.49,70186.74,68453.78,69285.20,69285.20,463500,32113690200,sample
BTC_PROXY,GLOBAL,2026-02-09,69151.92,70192.32,68322.10,69360.00,69360.00,468000,32460480000,sample
BTC_PROXY,GLOBAL,2026-02-10,69295.93,70268.02,68464.38,69434.80,69434.80,472500,32807943000,sample
BTC_PROXY,GLOBAL,2026-02-11,69440.09,70343.72,68606.81,69509.60,69509.60,477000,33156079200,sample
BTC_PROXY,GLOBAL,2026-02-12,69584.40,70419.41,68749.39,69584.40,69584.40,481500,33504888600,sample
BTC_PROXY,GLOBAL,2026-02-13,69728.86,70565.61,68823.29,69659.20,69659.20,486000,33854371200,sample
BTC_PROXY,GLOBAL,2026-02-16,69524.80,70570.81,68690.50,69734.00,69734.00,490500,34204527000,sample
BTC_PROXY,GLOBAL,2026-02-17,69669.18,70646.51,68833.15,69808.80,69808.80,495000,34555356000,sample
BTC_PROXY,GLOBAL,2026-02-18,68658.87,69552.33,67834.96,68727.60,68727.60,450000,30927420000,sample
BTC_PROXY,GLOBAL,2026-02-19,68802.40,69628.03,67976.77,68802.40,68802.40,454500,31270690800,sample
BTC_PROXY,GLOBAL,2026-02-20,68946.08,69773.43,68050.67,68877.20,68877.20,459000,31614634800,sample
BTC_PROXY,GLOBAL,2026-02-23,68745.14,69779.42,67920.20,68952.00,68952.00,463500,31959252000,sample
BTC_PROXY,GLOBAL,2026-02-24,68888.75,69855.12,68062.09,69026.80,69026.80,468000,32304542400,sample
BTC_PROXY,GLOBAL,2026-02-25,69032.50,69930.82,68204.11,69101.60,69101.60,472500,32650506000,sample
BTC_PROXY,GLOBAL,2026-02-26,69176.40,70006.52,68346.28,69176.40,69176.40,477000,32997142800,sample
BTC_PROXY,GLOBAL,2026-02-27,69320.45,70152.30,68420.19,69251.20,69251.20,481500,33344452800,sample
BTC_PROXY,GLOBAL,2026-03-02,69118.02,70157.91,68288.60,69326.00,69326.00,486000,33692436000,sample
BTC_PROXY,GLOBAL,2026-03-03,69262.00,70233.61,68430.86,69400.80,69400.80,490500,34041092400,sample
BTC_PROXY,GLOBAL,2026-03-04,69406.12,70309.31,68573.25,69475.60,69475.60,495000,34390422000,sample
BTC_PROXY,GLOBAL,2026-03-05,69550.40,70385.00,68715.80,69550.40,69550.40,450000,31297680000,sample
BTC_PROXY,GLOBAL,2026-03-06,69694.83,70531.17,68789.70,69625.20,69625.20,454500,31644653400,sample
BTC_PROXY,GLOBAL,2026-03-09,69490.90,70536.40,68657.01,69700.00,69700.00,459000,31992300000,sample
BTC_PROXY,GLOBAL,2026-03-10,69635.25,70612.10,68799.63,69774.80,69774.80,463500,32340619800,sample
BTC_PROXY,GLOBAL,2026-03-11,69779.75,70687.80,68942.39,69849.60,69849.60,468000,32689612800,sample
BTC_PROXY,GLOBAL,2026-03-12,69924.40,70763.49,69085.31,69924.40,69924.40,472500,33039279000,sample
BTC_PROXY,GLOBAL,2026-03-13,68912.04,69738.98,68017.08,68843.20,68843.20,477000,32838206400,sample
BTC_PROXY,GLOBAL,2026-03-16,68711.25,69745.02,67886.72,68918.00,68918.00,481500,33184017000,sample
BTC_PROXY,GLOBAL,2026-03-17,68854.81,69820.71,68028.55,68992.80,68992.80,486000,33530500800,sample
BTC_PROXY,GLOBAL,2026-03-18,68998.53,69896.41,68170.55,69067.60,69067.60,490500,33877657800,sample
BTC_PROXY,GLOBAL,2026-03-19,69142.40,69972.11,68312.69,69142.40,69142.40,495000,34225488000,sample
BTC_PROXY,GLOBAL,2026-03-20,69286.42,70117.86,68386.59,69217.20,69217.20,450000,31147740000,sample
BTC_PROXY,GLOBAL,2026-03-23,69084.12,70123.50,68255.11,69292.00,69292.00,454500,31493214000,sample
BTC_PROXY,GLOBAL,2026-03-24,69228.07,70199.20,68397.33,69366.80,69366.80,459000,31839361200,sample
BTC_PROXY,GLOBAL,2026-03-25,69372.16,70274.90,68539.69,69441.60,69441.60,463500,32186181600,sample
BTC_PROXY,GLOBAL,2026-03-26,69516.40,70350.60,68682.20,69516.40,69516.40,468000,32533675200,sample
BTC_PROXY,GLOBAL,2026-03-27,69660.79,70496.72,68756.11,69591.20,69591.20,472500,32881842000,sample
BTC_PROXY,GLOBAL,2026-03-30,69457.00,70501.99,68623.52,69666.00,69666.00,477000,33230682000,sample
BTC_PROXY,GLOBAL,2026-03-31,69601.32,70577.69,68766.10,69740.80,69740.80,481500,33580195200,sample
BTC_PROXY,GLOBAL,2026-04-01,69745.78,70653.39,68908.83,69815.60,69815.60,486000,33930381600,sample
BTC_PROXY,GLOBAL,2026-04-02,69890.40,70729.08,69051.72,69890.40,69890.40,490500,34281241200,sample
BTC_PROXY,GLOBAL,2026-04-03,70035.17,70875.59,69125.62,69965.20,69965.20,495000,34632774000,sample
BTC_PROXY,GLOBAL,2026-04-06,69829.88,70880.48,68991.92,70040.00,70040.00,450000,31518000000,sample
BTC_PROXY,GLOBAL,2026-04-07,68820.88,69786.31,67995.03,68958.80,68958.80,454500,31341774600,sample
BTC_PROXY,GLOBAL,2026-04-08,68964.57,69862.00,68137.00,69033.60,69033.60,459000,31686422400,sample
BTC_PROXY,GLOBAL,2026-04-09,69108.40,69937.70,68279.10,69108.40,69108.40,463500,32031743400,sample
BTC_PROXY,GLOBAL,2026-04-10,69252.38,70083.41,68353.00,69183.20,69183.20,468000,32377737600,sample
BTC_PROXY,GLOBAL,2026-04-13,69050.23,70089.10,68221.63,69258.00,69258.00,472500,32724405000,sample
BTC_PROXY,GLOBAL,2026-04-14,69194.13,70164.79,68363.80,69332.80,69332.80,477000,33071745600,sample
BTC_PROXY,GLOBAL,2026-04-15,69338.19,70240.49,68506.13,69407.60,69407.60,481500,33419759400,sample
BTC_PROXY,GLOBAL,2026-04-16,69482.40,70316.19,68648.61,69482.40,69482.40,486000,33768446400,sample
BTC_PROXY,GLOBAL,2026-04-17,69626.76,70462.28,68722.51,69557.20,69557.20,490500,34117806600,sample
BTC_PROXY,GLOBAL,2026-04-20,69423.10,70467.58,68590.02,69632.00,69632.00,495000,34467840000,sample
BTC_PROXY,GLOBAL,2026-04-21,69567.39,70543.28,68732.58,69706.80,69706.80,450000,31368060000,sample
BTC_PROXY,GLOBAL,2026-04-22,69711.82,70618.98,68875.28,69781.60,69781.60,454500,31715737200,sample
BTC_PROXY,GLOBAL,2026-04-23,69856.40,70694.68,69018.12,69856.40,69856.40,459000,32064087600,sample
BTC_PROXY,GLOBAL,2026-04-24,70001.13,70841.14,69092.03,69931.20,69931.20,463500,32413111200,sample
BTC_PROXY,GLOBAL,2026-04-27,69795.98,70846.07,68958.43,70006.00,70006.00,468000,32762808000,sample
BTC_PROXY,GLOBAL,2026-04-28,69940.64,70921.77,69101.35,70080.80,70080.80,472500,33113178000,sample
BTC_PROXY,GLOBAL,2026-04-29,70085.44,70997.47,69244.41,70155.60,70155.60,477000,33464221200,sample
BTC_PROXY,GLOBAL,2026-04-30,69074.40,69903.29,68245.51,69074.40,69074.40,481500,33259323600,sample
BTC_PROXY,GLOBAL,2026-05-01,69218.35,70048.97,68319.41,69149.20,69149.20,486000,33606511200,sample
BTC_PROXY,GLOBAL,2026-05-04,69016.33,70054.69,68188.13,69224.00,69224.00,490500,33954372000,sample
BTC_PROXY,GLOBAL,2026-05-05,69160.20,70130.39,68330.28,69298.80,69298.80,495000,34302906000,sample
BTC_PROXY,GLOBAL,2026-05-06,69304.23,70206.08,68472.58,69373.60,69373.60,450000,31218120000,sample
BTC_PROXY,GLOBAL,2026-05-07,69448.40,70281.78,68615.02,69448.40,69448.40,454500,31564297800,sample
BTC_PROXY,GLOBAL,2026-05-08,69592.72,70427.83,68688.92,69523.20,69523.20,459000,31911148800,sample
BTC_PROXY,GLOBAL,2026-05-11,69389.21,70433.18,68556.54,69598.00,69598.00,463500,32258673000,sample
BTC_PROXY,GLOBAL,2026-05-12,69533.45,70508.87,68699.05,69672.80,69672.80,468000,32606870400,sample
BTC_PROXY,GLOBAL,2026-05-13,69677.85,70584.57,68841.72,69747.60,69747.60,472500,32955741000,sample
BTC_PROXY,GLOBAL,2026-05-14,69822.40,70660.27,68984.53,69822.40,69822.40,477000,33305284800,sample
BTC_PROXY,GLOBAL,2026-05-15,69967.10,70806.71,69058.43,69897.20,69897.20,481500,33655501800,sample
BTC_PROXY,GLOBAL,2026-05-18,69762.08,70811.66,68924.94,69972.00,69972.00,486000,34006392000,sample
BTC_PROXY,GLOBAL,2026-05-19,69906.71,70887.36,69067.83,70046.80,70046.80,490500,34357955400,sample
BTC_PROXY,GLOBAL,2026-05-20,70051.48,70963.06,69210.86,70121.60,70121.60,495000,34710192000,sample
BTC_PROXY,GLOBAL,2026-05-21,70196.40,71038.76,69354.04,70196.40,70196.40,450000,31588380000,sample
BTC_PROXY,GLOBAL,2026-05-22,70341.47,71185.57,69427.95,70271.20,70271.20,454500,31938260400,sample
BTC_PROXY,GLOBAL,2026-05-25,68982.43,70020.28,68154.64,69190.00,69190.00,459000,31758210000,sample
BTC_PROXY,GLOBAL,2026-05-26,69126.27,70095.98,68296.75,69264.80,69264.80,463500,32104234800,sample
BTC_PROXY,GLOBAL,2026-05-27,69270.26,70171.68,68439.02,69339.60,69339.60,468000,32450932800,sample
BTC_PROXY,GLOBAL,2026-05-28,69414.40,70247.37,68581.43,69414.40,69414.40,472500,32798304000,sample
BTC_PROXY,GLOBAL,2026-05-29,69558.69,70393.39,68655.33,69489.20,69489.20,477000,33146348400,sample
